topology,diameter_mm,height_mm,freq_hz,width_az_deg,width_up_deg,width_down_deg,psl_db
1x8,160,0,300,360.0,180.0,180.0,nan
1x8,160,0,500,360.0,101.1,180.0,nan
1x8,160,0,1000,94.5,48.5,138.5,-26.1
1x8,160,0,2000,44.7,26.2,116.2,-7.8
1x8,160,0,3000,29.6,18.2,29.4,-4.2
1x8,200,0,300,360.0,180.0,180.0,nan
1x8,200,0,500,181.4,76.5,166.5,nan
1x8,200,0,1000,73.5,39.7,129.7,-10.4
1x8,200,0,2000,35.6,21.4,111.4,-7.8
1x8,200,0,3000,23.6,14.9,20.8,-1.9
1x8,250,0,300,360.0,113.8,180.0,nan
1x8,250,0,500,128.2,61.1,151.1,nan
1x8,250,0,1000,57.9,32.6,122.6,-7.8
1x8,250,0,2000,28.4,17.5,27.4,-4.1
1x8,250,0,3000,18.8,12.1,15.6,-1.1
2x8,160,40,300,360.0,180.0,180.0,nan
2x8,160,40,500,360.0,101.0,180.0,nan
2x8,160,40,1000,94.0,48.2,123.4,-26.4
2x8,160,40,2000,44.7,25.7,46.7,-7.8
2x8,160,40,3000,29.5,17.8,24.3,-5.3
2x8,160,70,300,360.0,180.0,180.0,nan
2x8,160,70,500,256.5,100.9,166.9,nan
2x8,160,70,1000,93.0,47.5,74.7,-27.0
2x8,160,70,2000,44.6,24.7,31.1,-7.8
2x8,160,70,3000,29.5,16.9,19.6,-6.1
2x8,160,100,300,360.0,180.0,180.0,nan
2x8,160,100,500,216.9,100.7,118.0,nan
2x8,160,100,1000,91.7,46.3,50.7,-28.0
2x8,160,100,2000,44.5,23.3,24.5,-7.8
2x8,160,100,3000,29.5,15.6,16.1,-6.7
2x8,200,40,300,360.0,180.0,180.0,nan
2x8,200,40,500,177.7,76.5,161.7,nan
2x8,200,40,1000,73.4,39.4,117.9,-10.7
2x8,200,40,2000,35.6,21.1,34.2,-7.8
2x8,200,40,3000,23.6,14.6,19.1,-3.6
2x8,200,70,300,360.0,180.0,180.0,nan
2x8,200,70,500,171.6,76.4,148.4,nan
2x8,200,70,1000,73.1,38.9,73.6,-11.2
2x8,200,70,2000,35.5,20.5,27.0,-7.8
2x8,200,70,3000,23.6,14.1,16.7,-4.1
2x8,200,100,300,360.0,180.0,180.0,nan
2x8,200,100,500,164.2,76.3,115.4,nan
2x8,200,100,1000,72.7,38.0,48.7,-11.7
2x8,200,100,2000,35.5,19.6,22.3,-7.8
2x8,200,100,3000,23.6,13.3,14.5,-4.1
2x8,250,40,300,360.0,113.6,180.0,nan
2x8,250,40,500,127.6,61.0,147.2,nan
2x8,250,40,1000,57.8,32.4,113.3,-7.9
2x8,250,40,2000,28.4,17.4,25.2,-4.5
2x8,250,40,3000,18.8,11.9,14.9,-1.1
2x8,250,70,300,360.0,113.1,180.0,nan
2x8,250,70,500,126.5,60.8,137.0,nan
2x8,250,70,1000,57.8,32.0,70.9,-8.0
2x8,250,70,2000,28.4,17.0,22.3,-4.9
2x8,250,70,3000,18.8,11.6,13.8,-1.1
2x8,250,100,300,360.0,112.5,180.0,nan
2x8,250,100,500,124.8,60.5,112.9,nan
2x8,250,100,1000,57.6,31.4,45.4,-8.2
2x8,250,100,2000,28.3,16.4,19.5,-5.2
2x8,250,100,3000,18.8,11.2,12.5,-1.2
2x8_rot,160,40,300,360.0,180.0,180.0,nan
2x8_rot,160,40,500,360.0,101.0,180.0,nan
2x8_rot,160,40,1000,94.0,48.2,123.4,-26.4
2x8_rot,160,40,2000,44.7,25.7,46.7,-7.9
2x8_rot,160,40,3000,29.5,17.8,24.3,-7.9
2x8_rot,160,70,300,360.0,180.0,180.0,nan
2x8_rot,160,70,500,256.5,100.9,166.9,nan
2x8_rot,160,70,1000,93.0,47.5,74.7,-27.1
2x8_rot,160,70,2000,44.6,24.7,31.1,-7.9
2x8_rot,160,70,3000,29.5,16.9,19.6,-7.9
2x8_rot,160,100,300,360.0,180.0,180.0,nan
2x8_rot,160,100,500,216.9,100.7,118.0,nan
2x8_rot,160,100,1000,91.7,46.3,50.7,-28.0
2x8_rot,160,100,2000,44.5,23.3,24.5,-7.9
2x8_rot,160,100,3000,29.5,15.6,16.1,-7.9
2x8_rot,200,40,300,360.0,180.0,180.0,nan
2x8_rot,200,40,500,177.7,76.5,161.7,nan
2x8_rot,200,40,1000,73.4,39.4,117.9,-10.7
2x8_rot,200,40,2000,35.6,21.1,34.2,-7.9
2x8_rot,200,40,3000,23.6,14.6,19.1,-6.6
2x8_rot,200,70,300,360.0,180.0,180.0,nan
2x8_rot,200,70,500,171.6,76.4,148.4,nan
2x8_rot,200,70,1000,73.1,38.9,73.6,-11.2
2x8_rot,200,70,2000,35.5,20.5,27.0,-7.9
2x8_rot,200,70,3000,23.6,14.1,16.7,-4.0
2x8_rot,200,100,300,360.0,180.0,180.0,nan
2x8_rot,200,100,500,164.2,76.3,115.4,nan
2x8_rot,200,100,1000,72.7,38.0,48.7,-11.7
2x8_rot,200,100,2000,35.5,19.6,22.3,-7.9
2x8_rot,200,100,3000,23.6,13.3,14.5,-3.9
2x8_rot,250,40,300,360.0,113.6,180.0,nan
2x8_rot,250,40,500,127.6,61.0,147.2,nan
2x8_rot,250,40,1000,57.8,32.4,113.3,-8.0
2x8_rot,250,40,2000,28.4,17.4,25.2,-7.9
2x8_rot,250,40,3000,18.8,11.9,14.9,-6.4
2x8_rot,250,70,300,360.0,113.1,180.0,nan
2x8_rot,250,70,500,126.5,60.8,137.0,nan
2x8_rot,250,70,1000,57.8,32.0,70.9,-8.1
2x8_rot,250,70,2000,28.4,17.0,22.3,-7.9
2x8_rot,250,70,3000,18.8,11.6,13.8,-4.0
2x8_rot,250,100,300,360.0,112.5,180.0,nan
2x8_rot,250,100,500,124.8,60.5,112.9,nan
2x8_rot,250,100,1000,57.6,31.4,45.4,-8.3
2x8_rot,250,100,2000,28.3,16.4,19.5,-7.9
2x8_rot,250,100,3000,18.8,11.2,12.5,-3.9
