stage,topology,diameter_mm,height_mm,variant,method,snr_db,n,rmse,median,rmse_az,rmse_el,outliers,rmse_band0,rmse_band1,rmse_band2,outliers_band0,outliers_band1,outliers_band2
ablation,2x8_rot,200,70,baseline,das,30,500,0.6065,0.5046,0.2926,0.5317,0.0000,0.5763,0.6907,0.5498,0.0000,0.0000,0.0000
ablation,2x8_rot,200,70,baseline,das,10,500,0.8195,0.6182,0.4280,0.6994,0.0000,0.8557,0.8923,0.7110,0.0000,0.0000,0.0000
ablation,2x8_rot,200,70,baseline,das,0,500,1.7927,1.3915,0.9696,1.5092,0.0040,2.0785,1.8068,1.4742,0.0124,0.0000,0.0000
ablation,2x8_rot,200,70,baseline,music,30,500,0.4146,0.4005,0.2924,0.2940,0.0000,0.4166,0.4148,0.4125,0.0000,0.0000,0.0000
ablation,2x8_rot,200,70,baseline,music,10,500,0.7762,0.6104,0.4358,0.6428,0.0000,0.8272,0.7999,0.7040,0.0000,0.0000,0.0000
ablation,2x8_rot,200,70,baseline,music,0,500,1.8085,1.3890,0.9976,1.5108,0.0040,2.0289,1.9073,1.4771,0.0124,0.0000,0.0000
ablation,2x8_rot,200,70,baseline,mvdr,30,500,0.4162,0.4005,0.2960,0.2927,0.0000,0.4206,0.4140,0.4143,0.0000,0.0000,0.0000
ablation,2x8_rot,200,70,baseline,mvdr,10,500,0.8391,0.6877,0.4904,0.6813,0.0000,0.9110,0.8433,0.7647,0.0000,0.0000,0.0000
ablation,2x8_rot,200,70,baseline,mvdr,0,500,2.1325,1.7487,1.1610,1.7899,0.0180,2.4886,2.0570,1.8305,0.0435,0.0125,0.0000
ablation,2x8_rot,200,70,baseline,srp_phat,30,500,0.4431,0.4037,0.3102,0.3165,0.0000,0.4583,0.4295,0.4413,0.0000,0.0000,0.0000
ablation,2x8_rot,200,70,baseline,srp_phat,10,500,1.2165,0.9687,0.7179,0.9825,0.0000,1.3933,1.1998,1.0492,0.0000,0.0000,0.0000
ablation,2x8_rot,200,70,baseline,srp_phat,0,500,3.6121,2.6654,1.9969,3.0163,0.1460,4.3271,3.4211,3.0238,0.2422,0.1375,0.0670
ablation,2x8_rot,200,70,guard1,das,30,500,0.5747,0.4783,0.2924,0.4951,0.0000,0.5438,0.6575,0.5198,0.0000,0.0000,0.0000
ablation,2x8_rot,200,70,guard1,das,10,500,0.9077,0.7174,0.4795,0.7715,0.0000,0.9458,0.9859,0.7925,0.0000,0.0000,0.0000
ablation,2x8_rot,200,70,guard1,das,0,500,2.3378,1.7904,1.2692,1.9646,0.0240,2.7523,2.2614,1.9702,0.0621,0.0063,0.0056
ablation,2x8_rot,200,70,guard1,music,30,500,0.4125,0.3996,0.2935,0.2899,0.0000,0.4167,0.4051,0.4151,0.0000,0.0000,0.0000
ablation,2x8_rot,200,70,guard1,music,10,500,0.8657,0.6918,0.4856,0.7171,0.0000,0.9673,0.8596,0.7690,0.0000,0.0000,0.0000
ablation,2x8_rot,200,70,guard1,music,0,500,2.3489,1.8979,1.2964,1.9608,0.0200,2.6256,2.4031,2.0122,0.0373,0.0125,0.0112
ablation,2x8_rot,200,70,guard1,mvdr,30,500,0.4145,0.4000,0.2958,0.2903,0.0000,0.4203,0.4087,0.4143,0.0000,0.0000,0.0000
ablation,2x8_rot,200,70,guard1,mvdr,10,500,0.9157,0.7397,0.5437,0.7372,0.0000,1.0227,0.9220,0.8009,0.0000,0.0000,0.0000
ablation,2x8_rot,200,70,guard1,mvdr,0,500,2.7213,2.1736,1.4887,2.2784,0.0400,3.2431,2.5814,2.2955,0.0932,0.0250,0.0056
ablation,2x8_rot,200,70,guard1,srp_phat,30,500,0.4436,0.4044,0.3090,0.3184,0.0000,0.4600,0.4297,0.4409,0.0000,0.0000,0.0000
ablation,2x8_rot,200,70,guard1,srp_phat,10,500,1.2362,0.9868,0.7280,0.9997,0.0000,1.4115,1.2081,1.0826,0.0000,0.0000,0.0000
ablation,2x8_rot,200,70,guard1,srp_phat,0,500,3.6652,2.7381,2.0382,3.0760,0.1560,4.3979,3.4708,3.0595,0.2547,0.1625,0.0615
ablation,2x8_rot,200,70,guard2,das,30,500,0.4063,0.3996,0.2911,0.2836,0.0000,0.4076,0.4025,0.4086,0.0000,0.0000,0.0000
ablation,2x8_rot,200,70,guard2,das,10,500,0.8640,0.6923,0.5003,0.7046,0.0000,1.0161,0.8415,0.7236,0.0000,0.0000,0.0000
ablation,2x8_rot,200,70,guard2,das,0,500,2.5523,1.9359,1.4424,2.1040,0.0460,2.9875,2.4387,2.2029,0.1056,0.0187,0.0168
ablation,2x8_rot,200,70,guard2,music,30,500,0.4130,0.3996,0.2936,0.2905,0.0000,0.4168,0.4067,0.4151,0.0000,0.0000,0.0000
ablation,2x8_rot,200,70,guard2,music,10,500,0.8690,0.7100,0.4923,0.7162,0.0000,0.9876,0.8701,0.7453,0.0000,0.0000,0.0000
ablation,2x8_rot,200,70,guard2,music,0,500,2.5264,1.9953,1.4521,2.0674,0.0340,2.8472,2.5033,2.2217,0.0559,0.0312,0.0168
ablation,2x8_rot,200,70,guard2,mvdr,30,500,0.4149,0.3996,0.2949,0.2919,0.0000,0.4234,0.4094,0.4121,0.0000,0.0000,0.0000
ablation,2x8_rot,200,70,guard2,mvdr,10,500,0.9169,0.7570,0.5564,0.7290,0.0000,1.0388,0.9030,0.8056,0.0000,0.0000,0.0000
ablation,2x8_rot,200,70,guard2,mvdr,0,500,2.9559,2.3173,1.6733,2.4344,0.0620,3.5092,2.7512,2.5622,0.1242,0.0437,0.0223
ablation,2x8_rot,200,70,guard2,srp_phat,30,500,0.4451,0.4039,0.3095,0.3199,0.0000,0.4668,0.4259,0.4418,0.0000,0.0000,0.0000
ablation,2x8_rot,200,70,guard2,srp_phat,10,500,1.2656,1.0454,0.7445,1.0234,0.0000,1.4377,1.2411,1.1128,0.0000,0.0000,0.0000
ablation,2x8_rot,200,70,guard2,srp_phat,0,500,3.7408,2.8666,2.2922,3.1250,0.1560,4.5357,3.4840,3.1200,0.2671,0.1313,0.0782
ablation,2x8_rot,200,70,hop128,das,30,500,0.6052,0.5087,0.2926,0.5303,0.0000,0.5792,0.6903,0.5437,0.0000,0.0000,0.0000
ablation,2x8_rot,200,70,hop128,das,10,500,0.8028,0.6046,0.4224,0.6834,0.0000,0.8572,0.8504,0.7022,0.0000,0.0000,0.0000
ablation,2x8_rot,200,70,hop128,das,0,500,1.7797,1.3888,0.9551,1.5036,0.0060,2.0798,1.7584,1.4809,0.0124,0.0063,0.0000
ablation,2x8_rot,200,70,hop128,music,30,500,0.4190,0.4016,0.2940,0.2985,0.0000,0.4192,0.4179,0.4196,0.0000,0.0000,0.0000
ablation,2x8_rot,200,70,hop128,music,10,500,0.8029,0.6224,0.4322,0.6772,0.0000,0.8521,0.8440,0.7148,0.0000,0.0000,0.0000
ablation,2x8_rot,200,70,hop128,music,0,500,1.9094,1.4536,1.0052,1.6264,0.0060,2.1498,1.9566,1.6140,0.0124,0.0063,0.0000
ablation,2x8_rot,200,70,hop128,mvdr,30,500,0.4151,0.4000,0.2962,0.2909,0.0000,0.4199,0.4123,0.4134,0.0000,0.0000,0.0000
ablation,2x8_rot,200,70,hop128,mvdr,10,500,0.8983,0.7255,0.5262,0.7284,0.0000,1.0127,0.8986,0.7807,0.0000,0.0000,0.0000
ablation,2x8_rot,200,70,hop128,mvdr,0,500,2.2774,1.8030,1.2395,1.9135,0.0220,2.6497,2.2379,1.9226,0.0497,0.0125,0.0056
ablation,2x8_rot,200,70,hop128,srp_phat,30,500,0.4341,0.4032,0.3070,0.3071,0.0000,0.4455,0.4183,0.4376,0.0000,0.0000,0.0000
ablation,2x8_rot,200,70,hop128,srp_phat,10,500,1.1690,0.9024,0.6832,0.9487,0.0000,1.3631,1.1678,0.9628,0.0000,0.0000,0.0000
ablation,2x8_rot,200,70,hop128,srp_phat,0,500,3.5479,2.6042,2.0094,2.9552,0.1380,4.3811,3.2700,2.8875,0.2484,0.1250,0.0503
ablation,2x8_rot,200,70,smooth1,music,30,500,0.4133,0.4000,0.2930,0.2915,0.0000,0.4161,0.4057,0.4176,0.0000,0.0000,0.0000
ablation,2x8_rot,200,70,smooth1,music,10,500,0.8104,0.6434,0.4442,0.6784,0.0000,0.8703,0.8416,0.7213,0.0000,0.0000,0.0000
ablation,2x8_rot,200,70,smooth1,music,0,500,2.0496,1.6783,1.0086,1.7879,0.0040,2.1895,2.2383,1.7158,0.0124,0.0000,0.0000
ablation,2x8_rot,200,70,smooth1,mvdr,30,500,0.4148,0.4000,0.2957,0.2910,0.0000,0.4219,0.4102,0.4126,0.0000,0.0000,0.0000
ablation,2x8_rot,200,70,smooth1,mvdr,10,500,0.9761,0.8041,0.5619,0.7988,0.0000,1.0714,0.9992,0.8580,0.0000,0.0000,0.0000
ablation,2x8_rot,200,70,smooth1,mvdr,0,500,2.7694,2.1866,1.4659,2.3546,0.0500,3.2092,2.8264,2.2402,0.0932,0.0563,0.0056
ablation,2x8_rot,200,70,smooth2,music,30,500,0.4162,0.4010,0.2929,0.2957,0.0000,0.4177,0.4111,0.4193,0.0000,0.0000,0.0000
ablation,2x8_rot,200,70,smooth2,music,10,500,0.8446,0.6669,0.4622,0.7075,0.0000,0.9187,0.8563,0.7602,0.0000,0.0000,0.0000
ablation,2x8_rot,200,70,smooth2,music,0,500,2.2347,1.7812,1.0422,1.9811,0.0100,2.3700,2.4474,1.8823,0.0124,0.0125,0.0056
ablation,2x8_rot,200,70,smooth2,mvdr,30,500,0.4169,0.4005,0.2956,0.2941,0.0000,0.4207,0.4142,0.4158,0.0000,0.0000,0.0000
ablation,2x8_rot,200,70,smooth2,mvdr,10,500,1.0692,0.8420,0.5918,0.8915,0.0000,1.1616,1.1116,0.9355,0.0000,0.0000,0.0000
ablation,2x8_rot,200,70,smooth2,mvdr,0,500,3.1459,2.3653,1.6326,2.6950,0.0920,3.7134,3.1752,2.4959,0.1739,0.0813,0.0279
ablation,2x8_rot,200,70,snr,das,30,500,0.6299,0.5238,0.2930,0.5581,0.0000,0.6068,0.7114,0.5700,0.0000,0.0000,0.0000
ablation,2x8_rot,200,70,snr,das,10,500,0.8704,0.6875,0.4317,0.7565,0.0000,0.9089,0.9558,0.7460,0.0000,0.0000,0.0000
ablation,2x8_rot,200,70,snr,das,0,500,1.8459,1.4707,0.9546,1.5820,0.0020,2.0968,1.9102,1.5172,0.0062,0.0000,0.0000
ablation,2x8_rot,200,70,snr,music,30,500,0.4160,0.4010,0.2927,0.2957,0.0000,0.4176,0.4158,0.4147,0.0000,0.0000,0.0000
ablation,2x8_rot,200,70,snr,music,10,500,0.8004,0.6054,0.4454,0.6656,0.0000,0.8219,0.8553,0.7265,0.0000,0.0000,0.0000
ablation,2x8_rot,200,70,snr,music,0,500,1.9210,1.5252,1.0024,1.6417,0.0040,2.1606,1.9927,1.6000,0.0124,0.0000,0.0000
ablation,2x8_rot,200,70,snr,mvdr,30,500,0.4118,0.3996,0.2950,0.2874,0.0000,0.4155,0.4071,0.4127,0.0000,0.0000,0.0000
ablation,2x8_rot,200,70,snr,mvdr,10,500,0.8390,0.6575,0.4878,0.6831,0.0000,0.9330,0.8289,0.7543,0.0000,0.0000,0.0000
ablation,2x8_rot,200,70,snr,mvdr,0,500,2.0567,1.5749,1.1022,1.7389,0.0060,2.3474,2.1010,1.7069,0.0062,0.0125,0.0000
ablation,2x8_rot,200,70,snr,srp_phat,30,500,0.4230,0.4005,0.3000,0.2982,0.0000,0.4373,0.4143,0.4175,0.0000,0.0000,0.0000
ablation,2x8_rot,200,70,snr,srp_phat,10,500,1.1080,0.8870,0.6425,0.9032,0.0000,1.2435,1.1098,0.9682,0.0000,0.0000,0.0000
ablation,2x8_rot,200,70,snr,srp_phat,0,500,2.6507,2.0741,1.4307,2.2302,0.0460,3.0806,2.5048,2.3415,0.0870,0.0312,0.0223
ablation,2x8_rot,200,70,snr+guard1,das,30,500,0.6149,0.5065,0.2930,0.5409,0.0000,0.5832,0.7145,0.5420,0.0000,0.0000,0.0000
ablation,2x8_rot,200,70,snr+guard1,das,10,500,0.9691,0.7846,0.4896,0.8372,0.0000,1.0034,1.0599,0.8449,0.0000,0.0000,0.0000
ablation,2x8_rot,200,70,snr+guard1,das,0,500,2.3932,1.8969,1.2768,2.0263,0.0200,2.6743,2.4663,2.0319,0.0373,0.0125,0.0112
ablation,2x8_rot,200,70,snr+guard1,music,30,500,0.4142,0.3996,0.2931,0.2927,0.0000,0.4162,0.4110,0.4151,0.0000,0.0000,0.0000
ablation,2x8_rot,200,70,snr+guard1,music,10,500,0.9137,0.7259,0.5028,0.7634,0.0000,0.9924,0.9223,0.8282,0.0000,0.0000,0.0000
ablation,2x8_rot,200,70,snr+guard1,music,0,500,2.5856,2.0989,1.3858,2.1861,0.0260,2.8766,2.6741,2.2000,0.0435,0.0250,0.0112
ablation,2x8_rot,200,70,snr+guard1,mvdr,30,500,0.4124,0.3996,0.2947,0.2885,0.0000,0.4180,0.4069,0.4123,0.0000,0.0000,0.0000
ablation,2x8_rot,200,70,snr+guard1,mvdr,10,500,0.9274,0.7361,0.5355,0.7577,0.0000,1.0677,0.9121,0.7961,0.0000,0.0000,0.0000
ablation,2x8_rot,200,70,snr+guard1,mvdr,0,500,2.7575,2.2023,1.5315,2.2954,0.0520,3.0554,2.8326,2.3813,0.0870,0.0563,0.0168
ablation,2x8_rot,200,70,snr+guard1,srp_phat,30,500,0.4284,0.4005,0.3011,0.3049,0.0000,0.4396,0.4193,0.4263,0.0000,0.0000,0.0000
ablation,2x8_rot,200,70,snr+guard1,srp_phat,10,500,1.1180,0.8870,0.6438,0.9144,0.0000,1.2757,1.1121,0.9602,0.0000,0.0000,0.0000
ablation,2x8_rot,200,70,snr+guard1,srp_phat,0,500,2.7754,2.1611,1.4913,2.3398,0.0580,3.2121,2.6287,2.4617,0.0994,0.0500,0.0279
