recording_id,class_id,split3
128302__xenonn__layered-gunshot-8_uid-lse78m,0,train
147901__tcawte__gunshot_uid-ffols3,0,val
171236__alukahn__gunshot2_uid-fcn21d,0,test
180961__kleeb__gunshots_uid-kz30bp,0,train
20352__cognito-perceptu__gunshot_uid-ejdc8l,0,train
221640__jakesapp23__gunshot-1_uid-t3t56m,0,val
241008_1_uid-7r8oyd,1,train
241008_1_uid-p6k7wr,1,train
241008_1_uid-qnzl7l,1,test
241008_1_uid-ra5198,1,train
241008_1_uid-xaqkru,1,train
241008_1_uid-zovpsu,1,train
241008_2_uid-331dfo,1,val
241008_2_uid-4eh60n,1,train
241008_2_uid-bo0vei,1,test
241008_2_uid-dledq0,1,train
241008_2_uid-ejh1ap,1,train
241008_2_uid-f6h7px,1,train
241008_2_uid-kaqlxl,1,train
241008_2_uid-o7vvp1,1,test
241008_2_uid-wghgor,1,train
241008_2_uid-wjf89e,1,train
241008_3_uid-07zosk,1,train
241008_3_uid-afyn4k,1,train
241008_3_uid-ejl586,1,val
241008_3_uid-m9dvbh,1,train
241008_3_uid-qd641c,1,train
241008_3_uid-zc02dx,1,train
241008_3_uid-zqkvz9,1,test
241008_4_uid-iduyop,1,train
241008_4_uid-kbqt2u,1,val
241008_5_uid-3jf45b,1,train
241008_5_uid-6m7hx7,1,train
241008_5_uid-7gy4zv,1,test
241008_5_uid-7x5eu8,1,train
241008_5_uid-9l12wc,1,val
241008_5_uid-ckpza0,1,train
241008_5_uid-des5jl,1,train
241008_5_uid-df8qgo,1,train
241008_5_uid-fruyxo,1,train
241008_5_uid-fw3wx7,1,train
241008_5_uid-fz4oft,1,test
241008_5_uid-hlycay,1,train
241008_5_uid-hy37r6,1,val
241008_5_uid-ji4us0,1,val
241008_5_uid-kx4ygx,1,train
241008_5_uid-s8t01x,1,train
241008_5_uid-sv5s9r,1,train
241008_6_uid-dg4gmo,1,test
241008_6_uid-gdbsga,1,train
241008_6_uid-k8dozh,1,val
241008_6_uid-nmu1po,1,train
241009_4_uid-1jp830,1,train
241009_4_uid-40vxbk,1,test
241009_4_uid-4uutgk,1,train
241009_4_uid-7trnsb,1,train
241009_4_uid-8746g7,1,val
241009_4_uid-gkeca3,1,test
241009_4_uid-lwr4w6,1,val
241009_4_uid-lzigii,1,train
241009_4_uid-mzy7d3,1,test
241009_4_uid-rla4g1,1,train
241009_4_uid-xd8zoi,1,train
241009_5_uid-37ncoi,1,test
241009_5_uid-av44qa,1,test
241009_5_uid-laqm0d,1,train
241009_5_uid-r0hvdd,1,val
241009_5_uid-s48zke,1,test
337242__adrilahan__distant-three-round-burst_uid-6au8kr,0,train
337242__adrilahan__distant-three-round-burst_uid-hpid0y,0,train
344524__jeremysykes__gunshot02_uid-8hfr2k,0,train
350264__randomx45__gunshot_uid-k88htu,0,train
370304__morganpurkis__single-gunshot-2_uid-b0dd83,0,train
370332__morganpurkis__single-gunshot-2-v2_uid-2shhwg,0,train
371041__morganpurkis__single-gunshot-3_uid-1k053k,0,test
384687__morganpurkis__single-gunshot-42_uid-u9d6r1,0,test
384689__dobroide__20170318gunshotparadiso_uid-49aegw,0,train
384689__dobroide__20170318gunshotparadiso_uid-8mby6q,0,val
384689__dobroide__20170318gunshotparadiso_uid-8nfgas,0,val
384689__dobroide__20170318gunshotparadiso_uid-kwsehz,0,test
384689__dobroide__20170318gunshotparadiso_uid-pjl13d,0,test
384689__dobroide__20170318gunshotparadiso_uid-uof88q,0,val
384689__dobroide__20170318gunshotparadiso_uid-vwkgqm,0,train
384689__dobroide__20170318gunshotparadiso_uid-xdxkmb,0,train
384689__dobroide__20170318gunshotparadiso_uid-zyxakp,0,train
385811__morganpurkis__single-pistol-gunshot-3_uid-ndpa6x,0,train
391847__morganpurkis__single-gunshot-54_uid-ihrkae,0,train
399266__morganpurkis__simple-gunshot-reverb-test_uid-lr1lb6,0,val
402008__eardeer__gunshot__high_3_uid-4j4q67,0,test
402012__eardeer__gunshot__high_5_uid-aaerc6,0,val
402013__eardeer__gunshot__high_4_uid-dzkr28,0,train
402014__eardeer__gunshot__high_6_uid-dd20sk,0,train
402791__acidsnowflake__ak47-and-various-other-gunshots-at-indoor-shooting-range_uid-6aezru,0,test
402791__acidsnowflake__ak47-and-various-other-gunshots-at-indoor-shooting-range_uid-7aijxv,0,train
402791__acidsnowflake__ak47-and-various-other-gunshots-at-indoor-shooting-range_uid-7x2600,0,train
402791__acidsnowflake__ak47-and-various-other-gunshots-at-indoor-shooting-range_uid-9yxqa7,0,train
402791__acidsnowflake__ak47-and-various-other-gunshots-at-indoor-shooting-range_uid-af9hyb,0,val
402791__acidsnowflake__ak47-and-various-other-gunshots-at-indoor-shooting-range_uid-aymttz,0,val
402791__acidsnowflake__ak47-and-various-other-gunshots-at-indoor-shooting-range_uid-btphrk,0,train
402791__acidsnowflake__ak47-and-various-other-gunshots-at-indoor-shooting-range_uid-byjlki,0,test
402791__acidsnowflake__ak47-and-various-other-gunshots-at-indoor-shooting-range_uid-emyyzn,0,train
402791__acidsnowflake__ak47-and-various-other-gunshots-at-indoor-shooting-range_uid-garl1l,0,test
402791__acidsnowflake__ak47-and-various-other-gunshots-at-indoor-shooting-range_uid-ieochv,0,train
402791__acidsnowflake__ak47-and-various-other-gunshots-at-indoor-shooting-range_uid-l3ibfo,0,test
402791__acidsnowflake__ak47-and-various-other-gunshots-at-indoor-shooting-range_uid-n6db0o,0,val
402791__acidsnowflake__ak47-and-various-other-gunshots-at-indoor-shooting-range_uid-qe3eyz,0,test
402791__acidsnowflake__ak47-and-various-other-gunshots-at-indoor-shooting-range_uid-qwmyny,0,train
402791__acidsnowflake__ak47-and-various-other-gunshots-at-indoor-shooting-range_uid-ria7cw,0,val
402791__acidsnowflake__ak47-and-various-other-gunshots-at-indoor-shooting-range_uid-t420qo,0,val
402791__acidsnowflake__ak47-and-various-other-gunshots-at-indoor-shooting-range_uid-t4sna7,0,train
402791__acidsnowflake__ak47-and-various-other-gunshots-at-indoor-shooting-range_uid-virgye,0,train
402791__acidsnowflake__ak47-and-various-other-gunshots-at-indoor-shooting-range_uid-wim8gs,0,train
404816__straget__gunshot_uid-1lffgk,0,train
405132__fstagi__gunshots_uid-ux8qa6,0,val
405132__fstagi__gunshots_uid-xcyi0z,0,test
405132__fstagi__gunshots_uid-xyilvk,0,train
51470__smcameron__synthetic_gunshot_2_uid-vatpwv,0,test
516684__supreme1197__gunshot_uid-wvvzr7,0,train
518181__bolkmar__fx-gunshot_uid-4ei81r,0,train
518181__bolkmar__fx-gunshot_uid-86m5v6,0,train
518181__bolkmar__fx-gunshot_uid-al1o0i,0,test
518181__bolkmar__fx-gunshot_uid-bhz6v7,0,train
518181__bolkmar__fx-gunshot_uid-es96l9,0,test
518181__bolkmar__fx-gunshot_uid-fzl4r4,0,train
518181__bolkmar__fx-gunshot_uid-j3vsmz,0,test
518181__bolkmar__fx-gunshot_uid-mndnub,0,val
518181__bolkmar__fx-gunshot_uid-r0n83p,0,train
519623__nathanchurchyard__gunshots_uid-04snto,0,train
519623__nathanchurchyard__gunshots_uid-0vbgff,0,train
519623__nathanchurchyard__gunshots_uid-221io5,0,train
519623__nathanchurchyard__gunshots_uid-5qaogm,0,val
519623__nathanchurchyard__gunshots_uid-68l6r4,0,train
519623__nathanchurchyard__gunshots_uid-dx8n5j,0,train
519623__nathanchurchyard__gunshots_uid-guol0j,0,train
519623__nathanchurchyard__gunshots_uid-hkereq,0,train
519623__nathanchurchyard__gunshots_uid-jyaue7,0,train
519623__nathanchurchyard__gunshots_uid-kvxx3q,0,test
519623__nathanchurchyard__gunshots_uid-m3daea,0,val
519623__nathanchurchyard__gunshots_uid-ro3jyx,0,train
519623__nathanchurchyard__gunshots_uid-voqt7j,0,train
519623__nathanchurchyard__gunshots_uid-x2v9jo,0,train
683312__pnmcarrierailfan__pistol-gunshot-mix-weapons_uid-7iyru8,0,val
683312__pnmcarrierailfan__pistol-gunshot-mix-weapons_uid-lujshy,0,train
683312__pnmcarrierailfan__pistol-gunshot-mix-weapons_uid-ouj634,0,val
683312__pnmcarrierailfan__pistol-gunshot-mix-weapons_uid-qw3gyl,0,train
683312__pnmcarrierailfan__pistol-gunshot-mix-weapons_uid-tmmoay,0,test
686351__rangerrich68__gunshot_uid-lpnv47,0,train
Amusement_Park Ambiance -SoundBible_uid-1rnz3c,0,train
Amusement_Park Ambiance -SoundBible_uid-2t9w3e,0,test
Amusement_Park Ambiance -SoundBible_uid-jwv6lq,0,test
Amusement_Park Ambiance -SoundBible_uid-l24o63,0,test
Amusement_Park Ambiance -SoundBible_uid-xga4ah,0,train
Baby_Girl_Speaking-SoundBible_uid-lfp0pl,0,train
Baby_Talk-SoundBible_uid-5isz0s,0,train
Baby_Talk-SoundBible_uid-tlhzgq,0,val
Baby_Talk_2-SoundBible_uid-igfidk,0,train
Baby_Talk_2-SoundBible_uid-th40ni,0,train
Baby_Talk_30 Sec-SoundBible_uid-8snvch,0,train
Baby_Talk_30 Sec-SoundBible_uid-cszg60,0,train
Baby_Talk_30 Sec-SoundBible_uid-nt49fb,0,train
Background_Noise-SoundBible_uid-9tt4fj,0,train
Background_Noise-SoundBible_uid-c2rszc,0,train
Background_Noise-SoundBible_uid-grm3tj,0,train
Background_Noise-SoundBible_uid-m7qaag,0,test
Background_Noise-SoundBible_uid-mnn2bm,0,test
Bi_Polar_Uncle-ScanMan-1810098860_uid-4x1yuf,0,val
Bi_Polar_Uncle-ScanMan-1810098860_uid-7qv96e,0,train
Bi_Polar_Uncle-ScanMan-1810098860_uid-acr1ir,0,train
Bi_Polar_Uncle-ScanMan-1810098860_uid-app2oh,0,train
Bi_Polar_Uncle-ScanMan-1810098860_uid-b8uks2,0,test
Bi_Polar_Uncle-ScanMan-1810098860_uid-evaiic,0,test
Bi_Polar_Uncle-ScanMan-1810098860_uid-iqacxf,0,train
Bi_Polar_Uncle-ScanMan-1810098860_uid-l7n0jt,0,test
Bi_Polar_Uncle-ScanMan-1810098860_uid-mj8x2a,0,train
Bi_Polar_Uncle-ScanMan-1810098860_uid-o3irva,0,train
Bi_Polar_Uncle-ScanMan-1810098860_uid-omv54z,0,test
Bi_Polar_Uncle-ScanMan-1810098860_uid-opz6ls,0,val
Bi_Polar_Uncle-ScanMan-1810098860_uid-p90ljg,0,test
Bi_Polar_Uncle-ScanMan-1810098860_uid-tl65kg,0,train
Bi_Polar_Uncle-ScanMan-1810098860_uid-zc1ipd,0,train
Big_door_closed-Clemens_F-941522533 (1)_uid-dn5qo5,0,train
Big_door_closed-Clemens_F-941522533_uid-n02it9,0,test
Car Engine Revving-SoundBible_uid-2l6ct5,0,val
Car Engine Revving-SoundBible_uid-4uzfw6,0,train
Car Engine Revving-SoundBible_uid-fyajld,0,train
Car Engine Revving-SoundBible_uid-galjzz,0,train
Car Engine Revving-SoundBible_uid-nbreqs,0,val
Car Engine Revving-SoundBible_uid-pep718,0,train
Car_Door_Close-SoundBible_uid-6bk4y1,0,train
Car_Door_Close-SoundBible_uid-9h2t6o,0,val
Cellar_Door Slam Shut-SoundBible_uid-6z7omr,0,val
Cellar_Door Slam Shut-SoundBible_uid-pg4dq8,0,test
Child_Scream-SoundBible_uid-bc3l50,0,train
Citty_Traffic Ambiance-SoundBible_uid-87yimc,0,test
Citty_Traffic Ambiance-SoundBible_uid-8vk0wx,0,test
Citty_Traffic Ambiance-SoundBible_uid-mxbe2e,0,test
Citty_Traffic Ambiance-SoundBible_uid-oqpbd8,0,train
Citty_Traffic Ambiance-SoundBible_uid-q0srdn,0,test
City_Ambiance-SoundBible_uid-4yigy2,0,val
City_Ambiance-SoundBible_uid-5xpbpm,0,train
City_Ambiance-SoundBible_uid-68vh9e,0,train
City_Ambiance-SoundBible_uid-7sgond,0,val
City_Ambiance-SoundBible_uid-7xt5uu,0,val
City_Ambiance-SoundBible_uid-8yrqh9,0,test
City_Ambiance-SoundBible_uid-ay65s0,0,train
City_Ambiance-SoundBible_uid-dla4u8,0,train
City_Ambiance-SoundBible_uid-i7015o,0,train
City_Ambiance-SoundBible_uid-i9g0oq,0,train
City_Ambiance-SoundBible_uid-rl1vl3,0,train
City_Ambiance-SoundBible_uid-s5wbfi,0,train
City_Ambiance-SoundBible_uid-t8xlgr,0,test
City_Ambiance-SoundBible_uid-tjysm2,0,train
Classroom_Ambiance-SoundBible_uid-15mvqy,0,train
Classroom_Ambiance-SoundBible_uid-1yjnrb,0,train
Classroom_Ambiance-SoundBible_uid-24lp47,0,train
Classroom_Ambiance-SoundBible_uid-3ajatf,0,train
Classroom_Ambiance-SoundBible_uid-612bhd,0,train
Classroom_Ambiance-SoundBible_uid-6auadw,0,train
Classroom_Ambiance-SoundBible_uid-d5qym1,0,train
Classroom_Ambiance-SoundBible_uid-d854bp,0,val
Classroom_Ambiance-SoundBible_uid-ebc6mm,0,train
Classroom_Ambiance-SoundBible_uid-fvc0b8,0,train
Classroom_Ambiance-SoundBible_uid-gdn6cv,0,train
Classroom_Ambiance-SoundBible_uid-iq3l57,0,train
Classroom_Ambiance-SoundBible_uid-jqyb9y,0,train
Classroom_Ambiance-SoundBible_uid-jysh5m,0,train
Classroom_Ambiance-SoundBible_uid-ore0tv,0,val
Classroom_Ambiance-SoundBible_uid-p82vfx,0,train
Classroom_Ambiance-SoundBible_uid-pzelvg,0,val
Classroom_Ambiance-SoundBible_uid-q49pv1,0,test
Classroom_Ambiance-SoundBible_uid-qfbdk0,0,test
Classroom_Ambiance-SoundBible_uid-su8rm4,0,train
Classroom_Ambiance-SoundBible_uid-uu3ewb,0,test
Classroom_Ambiance-SoundBible_uid-vqytfv,0,train
Classroom_Ambiance-SoundBible_uid-xdl758,0,test
Classroom_Ambiance-SoundBible_uid-xv302f,0,train
Classroom_Ambiance-SoundBible_uid-y6icwf,0,val
Classroom_Ambiance-SoundBible_uid-ykywwj,0,train
Close_Door-SoundBible_uid-9hk9y4,0,train
Close_Door-SoundBible_uid-ial4ob,0,train
Close_Door-SoundBible_uid-lz6pl2,0,val
Close_Door-SoundBible_uid-xdkfqe,0,train
Close_Vault_Or_Jail_Door-SoundBible_uid-1b3a8u,0,train
Close_Vault_Or_Jail_Door-SoundBible_uid-bnzxyv,0,train
Close_Vault_Or_Jail_Door-SoundBible_uid-ioohwy,0,val
Close_Vault_Or_Jail_Door-SoundBible_uid-lasl2n,0,test
Dog_Barking-SoundBible_uid-3uyzqt,0,test
Dog_Barking-SoundBible_uid-77rxso,0,train
Dog_Barking-SoundBible_uid-udwefz,0,test
Dogs_Barking-SoundBible_uid-06db9u,0,train
Dogs_Barking-SoundBible_uid-0ftva8,0,test
Dogs_Barking-SoundBible_uid-0zgu9a,0,train
Dogs_Barking-SoundBible_uid-2ug0pz,0,train
Dogs_Barking-SoundBible_uid-360xo6,0,train
Dogs_Barking-SoundBible_uid-3elcfr,0,train
Dogs_Barking-SoundBible_uid-6cuhxo,0,train
Dogs_Barking-SoundBible_uid-79zhgq,0,train
Dogs_Barking-SoundBible_uid-7p80fn,0,train
Dogs_Barking-SoundBible_uid-80y6uy,0,train
Dogs_Barking-SoundBible_uid-89py07,0,train
Dogs_Barking-SoundBible_uid-9ow2fw,0,train
Dogs_Barking-SoundBible_uid-dyx0yh,0,train
Dogs_Barking-SoundBible_uid-ibcp6w,0,val
Dogs_Barking-SoundBible_uid-itlawo,0,test
Dogs_Barking-SoundBible_uid-juqhjz,0,train
Dogs_Barking-SoundBible_uid-jwx6oc,0,train
Dogs_Barking-SoundBible_uid-jwxi8x,0,train
Dogs_Barking-SoundBible_uid-k8qbi9,0,test
Dogs_Barking-SoundBible_uid-n7k6p9,0,val
Dogs_Barking-SoundBible_uid-nzoaru,0,val
Dogs_Barking-SoundBible_uid-o3hpsc,0,train
Dogs_Barking-SoundBible_uid-og7e1q,0,train
Dogs_Barking-SoundBible_uid-pl29dj,0,train
Dogs_Barking-SoundBible_uid-prqla1,0,train
Dogs_Barking-SoundBible_uid-sats5w,0,val
Dogs_Barking-SoundBible_uid-sfd0pk,0,train
Dogs_Barking-SoundBible_uid-spcx7j,0,train
Dogs_Barking-SoundBible_uid-tctr15,0,train
Dogs_Barking-SoundBible_uid-vzwpy8,0,val
Dogs_Barking-SoundBible_uid-xh8zjx,0,train
Dogs_Barking-SoundBible_uid-zowyrl,0,train
Dogs_Barking-SoundBible_uid-zqh7hs,0,train
Door_Close-SoundBible_uid-bsfxd7,0,train
Doorbell-SoundBible_uid-82zlon,0,train
Doorbell-SoundBible_uid-es14aj,0,train
Doorbell-SoundBible_uid-hu3smh,0,train
End_of_Game-Mike_Koenig-617089079_uid-0scusn,0,test
End_of_Game-Mike_Koenig-617089079_uid-1gc3kq,0,train
End_of_Game-Mike_Koenig-617089079_uid-21e27w,0,train
End_of_Game-Mike_Koenig-617089079_uid-fksa7e,0,train
End_of_Game-Mike_Koenig-617089079_uid-fll93l,0,train
End_of_Game-Mike_Koenig-617089079_uid-foqzbk,0,train
End_of_Game-Mike_Koenig-617089079_uid-tow618,0,train
End_of_Game-Mike_Koenig-617089079_uid-ub93e1,0,train
End_of_Game-Mike_Koenig-617089079_uid-v2wwmb,0,train
End_of_Game-Mike_Koenig-617089079_uid-w07rds,0,train
End_of_Game-Mike_Koenig-617089079_uid-ymc7zy,0,val
Engine_Inside_Car-SoundBible_uid-5dbezn,0,train
Engine_Inside_Car-SoundBible_uid-7ugvm0,0,val
Engine_Inside_Car-SoundBible_uid-as3jed,0,test
Engine_Inside_Car-SoundBible_uid-c82nes,0,train
Engine_Inside_Car-SoundBible_uid-k3dkr3,0,val
Engine_Inside_Car-SoundBible_uid-kphaeb,0,train
Engine_Inside_Car-SoundBible_uid-nxs82p,0,train
Engine_Inside_Car-SoundBible_uid-omd0h5,0,train
Engine_Inside_Car-SoundBible_uid-pzuxz5,0,train
Fast_Heel_Walk-Kyanna_Johnson-1646343608_uid-0htqu7,0,train
Fast_Heel_Walk-Kyanna_Johnson-1646343608_uid-8u9yx0,0,test
Fast_Heel_Walk-Kyanna_Johnson-1646343608_uid-9pwmgu,0,test
Fast_Heel_Walk-Kyanna_Johnson-1646343608_uid-9q2nn5,0,train
Fast_Heel_Walk-Kyanna_Johnson-1646343608_uid-kfy902,0,train
Female_Scream-SoundBible_uid-o7148x,0,train
Female_Scream-SoundBible_uid-snslsg,0,val
Female_Scream_Horror-NeoPhyTe-138499973_uid-w7fb5j,0,test
Fire_Truck_Siren-SoundBible_uid-c00lnm,0,val
Footsteps_SoundBible_uid-4v6zy1,0,test
Footsteps_SoundBible_uid-7fgddj,0,train
Footsteps_SoundBible_uid-dg95vk,0,test
Footsteps_SoundBible_uid-hnz36f,0,test
Footsteps_SoundBible_uid-hvf0z6,0,train
Footsteps_SoundBible_uid-jzp69l,0,train
Footsteps_SoundBible_uid-ouanxu,0,val
Footsteps_SoundBible_uid-qgm67h,0,val
Footsteps_SoundBible_uid-t85wos,0,train
Footsteps_SoundBible_uid-xbzr9w,0,train
Footsteps_SoundBible_uid-xjk06n,0,train
Frying_Pan_Impact-SoundBible_uid-4tjysk,0,train
Frying_Pan_Impact-SoundBible_uid-gy4uv0,0,train
Frying_Pan_Impact-SoundBible_uid-nbylf3,0,test
Full_Throttle-SoundBible_uid-13goe3,0,train
Full_Throttle-SoundBible_uid-dywhw9,0,train
Hockey_Game Ambiance-SoundBible_uid-mxy25p,0,val
Hockey_Game Ambiance-SoundBible_uid-n2vcjy,0,train
Hockey_Game Ambiance-SoundBible_uid-oqjbda,0,val
Hockey_Game Ambiance-SoundBible_uid-xi7z7i,0,val
Hockey_Game Ambiance-SoundBible_uid-xlgm26,0,train
Howard_Dean Screaming-SoundBible_uid-houbpy,0,train
Howard_Dean Screaming-SoundBible_uid-kng9vm,0,train
Indian_Bell-SoundBible_uid-05cpjg,0,train
Indian_Bell-SoundBible_uid-j1iwfo,0,train
Indian_Bell-SoundBible_uid-qiywb4,0,train
Indian_Bell-SoundBible_uid-t0u6xu,0,test
Japanese_Temple Bell Small-SoundBible_uid-3fhudh,0,test
Japanese_Temple Bell Small-SoundBible_uid-8kpqn1,0,test
Japanese_Temple Bell Small-SoundBible_uid-lh5wut,0,train
Japanese_Temple Bell Small-SoundBible_uid-yzjgir,0,train
Large_Door_Slam-SoundBible_uid-13jhqa,0,train
Large_Door_Slam-SoundBible_uid-1psoyj,0,train
Large_Door_Slam-SoundBible_uid-4zllfp,0,train
Large_Door_Slam-SoundBible_uid-am54hr,0,train
Large_Door_Slam-SoundBible_uid-jt0rph,0,val
Large_Door_Slam-SoundBible_uid-kv2u9m,0,train
Large_Door_Slam-SoundBible_uid-ljg1k3,0,test
Large_Door_Slam-SoundBible_uid-u1l5bj,0,train
Large_Door_Slam-SoundBible_uid-vtytt2,0,train
Large_Door_Slam-SoundBible_uid-y1fcj2,0,train
Large_Metal_Rusty Door-SoundBible_uid-ihz0ur,0,train
Large_Metal_Rusty Door-SoundBible_uid-xn083m,0,val
Little_Girl_Talking-Mike_Koenig-782373463_uid-bstw5g,0,test
Little_Girl_Talking-Mike_Koenig-782373463_uid-embfqd,0,train
Little_Girl_Talking-Mike_Koenig-782373463_uid-j15zel,0,train
Little_Girl_Talking-Mike_Koenig-782373463_uid-k5273w,0,train
Little_Girl_Talking-Mike_Koenig-782373463_uid-smhgf9,0,val
Little_Girl_Talking-Mike_Koenig-782373463_uid-zkco2a,0,val
Metal_Gong-Dianakc-109711828_uid-hlegwg,0,test
Metal_Gong-Dianakc-109711828_uid-lhnelh,0,train
Metal_Gong-Dianakc-109711828_uid-rq5l1a,0,val
Metal_Gong-Dianakc-109711828_uid-uc2x01,0,train
Mother_In_Law-SoundBible_uid-2i8a7l,0,train
Mother_In_Law-SoundBible_uid-4pm43v,0,train
Mother_In_Law-SoundBible_uid-5qenfz,0,train
Mother_In_Law-SoundBible_uid-ldj5n1,0,train
Mother_In_Law-SoundBible_uid-r2q9l6,0,train
Mother_In_Law-SoundBible_uid-w06jo6,0,train
Mother_In_Law-SoundBible_uid-z92smn,0,val
Motorcycle_Engine-SoundBible_uid-532kor,0,val
Motorcycle_Engine-SoundBible_uid-5o451c,0,train
Motorcycle_Engine-SoundBible_uid-bo8n5y,0,test
Motorcycle_Engine-SoundBible_uid-ed9qr0,0,train
Motorcycle_Engine-SoundBible_uid-l2zh6x,0,train
Motorcycle_Engine-SoundBible_uid-nj61gd,0,train
Motorcycle_Engine-SoundBible_uid-nylusr,0,train
Motorcycle_Engine-SoundBible_uid-vcok6o,0,train
Neighborhood_Dogs Barking-SoundBible_uid-6a1kho,0,test
Neighborhood_Dogs Barking-SoundBible_uid-6psl8n,0,train
Neighborhood_Dogs Barking-SoundBible_uid-7mwktq,0,test
Neighborhood_Dogs Barking-SoundBible_uid-b8m1ha,0,train
Neighborhood_Dogs Barking-SoundBible_uid-dwmjp4,0,test
Neighborhood_Dogs Barking-SoundBible_uid-i17h1l,0,train
Neighborhood_Dogs Barking-SoundBible_uid-jq0pvf,0,train
Neighborhood_Dogs Barking-SoundBible_uid-kc7h7x,0,test
Neighborhood_Dogs Barking-SoundBible_uid-lnpr65,0,train
Neighborhood_Dogs Barking-SoundBible_uid-p7gr4b,0,test
Neighborhood_Dogs Barking-SoundBible_uid-rq1qkq,0,test
Neighborhood_Dogs Barking-SoundBible_uid-u0utjf,0,train
Obama_Speech Liar-SoundBible_uid-56tkh6,0,train
Obama_Speech Liar-SoundBible_uid-8mnhtv,0,test
Obama_Speech Liar-SoundBible_uid-it25ex,0,train
Obama_Speech Liar-SoundBible_uid-m55wqm,0,train
Obama_Speech Liar-SoundBible_uid-o893eg,0,train
Obama_Speech Liar-SoundBible_uid-vfb2cc,0,val
Old_Door_Creaking-SoundBible_uid-0cxhr5,0,val
Old_Door_Creaking-SoundBible_uid-0yquhs,0,train
Old_Door_Creaking-SoundBible_uid-12sdup,0,train
Old_Door_Creaking-SoundBible_uid-3nda72,0,val
Old_Door_Creaking-SoundBible_uid-3zq0t3,0,train
Old_Door_Creaking-SoundBible_uid-6phapn,0,train
Old_Door_Creaking-SoundBible_uid-e16ryq,0,test
Old_Door_Creaking-SoundBible_uid-f2vs74,0,test
Old_Door_Creaking-SoundBible_uid-ltu6v6,0,val
Old_Door_Creaking-SoundBible_uid-ozrhlo,0,test
Old_Door_Creaking-SoundBible_uid-q6uf3u,0,test
Old_Door_Creaking-SoundBible_uid-rehqyi,0,train
Old_Door_Creaking-SoundBible_uid-ugdlcw,0,train
Old_Door_Creaking-SoundBible_uid-vmd0mi,0,train
People_Screaming-SoundBible_uid-3uupv3,0,train
People_Screaming-SoundBible_uid-bp2stl,0,train
People_Screaming-SoundBible_uid-hfkye2,0,train
People_Screaming-SoundBible_uid-izy7pt,0,train
Person_Screaming No-SoundBible_uid-1cr947,0,train
Police Siren 3-SoundBible_uid-2pvfa4,0,train
Police Siren 3-SoundBible_uid-3d5i8j,0,train
Police Siren 3-SoundBible_uid-cycqe4,0,train
Police Siren 3-SoundBible_uid-nytspf,0,test
Police_Siren-SoundBible_uid-5des6p,0,val
Police_Siren-SoundBible_uid-uyk0z0,0,test
Police_Siren_2-SoundBible_uid-mvtx9k,0,train
Police_Siren_2-SoundBible_uid-v714xd,0,train
Police_TheCristi95-214716303_uid-fqrk8v,0,train
Psycho_Scream-SoundBible_uid-2utxng,0,train
Psycho_Scream-SoundBible_uid-41fmfi,0,train
Psycho_Scream-SoundBible_uid-42a8md,0,train
Psycho_Scream-SoundBible_uid-4qhwlo,0,test
Psycho_Scream-SoundBible_uid-b3cndq,0,val
Psycho_Scream-SoundBible_uid-uococi,0,test
Public_Transit_Bus-SoundBible_uid-3i5t22,0,train
Public_Transit_Bus-SoundBible_uid-8f576m,0,train
Public_Transit_Bus-SoundBible_uid-a8fyah,0,train
Public_Transit_Bus-SoundBible_uid-cwr0mf,0,train
Public_Transit_Bus-SoundBible_uid-mysutj,0,train
Public_Transit_Bus-SoundBible_uid-ubrqyj,0,train
Puppy_Dog Barking-SoundBible_uid-0qy0mv,0,train
Puppy_Dog Barking-SoundBible_uid-130qr7,0,test
Puppy_Dog Barking-SoundBible_uid-2xlf8k,0,train
Puppy_Dog Barking-SoundBible_uid-5q8j8z,0,train
Puppy_Dog Barking-SoundBible_uid-6ig5tz,0,train
Puppy_Dog Barking-SoundBible_uid-6o7irb,0,train
Puppy_Dog Barking-SoundBible_uid-7qzkxg,0,train
Puppy_Dog Barking-SoundBible_uid-8x7knz,0,val
Puppy_Dog Barking-SoundBible_uid-fqrqmg,0,train
Puppy_Dog Barking-SoundBible_uid-h2kk2o,0,train
Puppy_Dog Barking-SoundBible_uid-hhl2n0,0,train
Puppy_Dog Barking-SoundBible_uid-hwenxp,0,train
Puppy_Dog Barking-SoundBible_uid-izcqml,0,val
Puppy_Dog Barking-SoundBible_uid-v9bdxr,0,train
Puppy_Dog Barking-SoundBible_uid-zrfwba,0,test
Race_Car Idle-SoundBible_uid-5f9xm2,0,val
Race_Car Idle-SoundBible_uid-5il88u,0,test
Race_Car Idle-SoundBible_uid-bjwy2y,0,test
Race_Car Idle-SoundBible_uid-dkehib,0,train
Race_Car Idle-SoundBible_uid-i7dn0k,0,test
Race_Car Idle-SoundBible_uid-z20zcy,0,train
Random_Son_Talk-SoundBible_uid-1ym4hc,0,train
Random_Son_Talk-SoundBible_uid-8mu830,0,train
Random_Son_Talk-SoundBible_uid-kqlhrz,0,train
Random_Son_Talk-SoundBible_uid-zdgyqp,0,train
Restaurant Walla Track-SoundBible_uid-19b0uq,0,test
Restaurant Walla Track-SoundBible_uid-e11kg8,0,test
Restaurant Walla Track-SoundBible_uid-fk59q6,0,test
Restaurant Walla Track-SoundBible_uid-kjeqfn,0,train
Restaurant Walla Track-SoundBible_uid-l5x040,0,train
Restaurant Walla Track-SoundBible_uid-qhfjn5,0,train
Restaurant Walla Track-SoundBible_uid-rk74im,0,train
Restaurant Walla Track-SoundBible_uid-w5x690,0,train
Restaurant_Ambiance -SoundBible_uid-bdjnou,0,train
Restaurant_Ambiance -SoundBible_uid-fmre0f,0,train
Restaurant_Ambiance -SoundBible_uid-k3gzvh,0,train
Restaurant_Ambiance -SoundBible_uid-lgpjkd,0,val
Restaurant_Ambiance -SoundBible_uid-mbsb9z,0,train
Scary_Scream-SoundBible_uid-wvjpdl,0,train
Scary_Scream-SoundBible_uid-yzql8f,0,train
School_Fire_Alarm-Cullen_Card-202875844_uid-d7y47w,0,train
School_Fire_Alarm-Cullen_Card-202875844_uid-f4uoup,0,train
School_Fire_Alarm-Cullen_Card-202875844_uid-gjef9e,0,train
School_Fire_Alarm-Cullen_Card-202875844_uid-lasqeu,0,val
School_Fire_Alarm-Cullen_Card-202875844_uid-rfkm7v,0,test
School_Fire_Alarm-Cullen_Card-202875844_uid-rgrj5b,0,train
School_Fire_Alarm-Cullen_Card-202875844_uid-tahodp,0,val
Shift_Gears-SoundBible_uid-0py99w,0,train
Shift_Gears-SoundBible_uid-26wbsh,0,train
Shift_Gears-SoundBible_uid-60h0ny,0,train
Shift_Gears-SoundBible_uid-658eb2,0,val
Shift_Gears-SoundBible_uid-82bxd2,0,train
Shift_Gears-SoundBible_uid-cvmuj8,0,test
Shift_Gears-SoundBible_uid-eezpvg,0,val
Shift_Gears-SoundBible_uid-fssn70,0,train
Shift_Gears-SoundBible_uid-h7kcri,0,train
Shift_Gears-SoundBible_uid-i8bv3a,0,train
Shift_Gears-SoundBible_uid-vosmy5,0,train
Ship_Bell-Mike_Koenig-1911209136_uid-bc37x2,0,train
Ship_Bell-Mike_Koenig-1911209136_uid-e2z0y7,0,test
Ship_Bell-Mike_Koenig-1911209136_uid-qdaqy8,0,train
Ship_Bell-Mike_Koenig-1911209136_uid-vns4ok,0,train
Ship_Brass_Bell-Mike_Koenig-1458750630_uid-30fytv,0,train
Ship_Brass_Bell-Mike_Koenig-1458750630_uid-7umoka,0,train
Ship_Brass_Bell-Mike_Koenig-1458750630_uid-arscjl,0,train
Ship_Brass_Bell-Mike_Koenig-1458750630_uid-hq1ck8,0,train
Ship_Brass_Bell-Mike_Koenig-1458750630_uid-htec95,0,train
Ship_Brass_Bell-Mike_Koenig-1458750630_uid-j371as,0,train
Ship_Brass_Bell-Mike_Koenig-1458750630_uid-l1olrt,0,train
Ship_Brass_Bell-Mike_Koenig-1458750630_uid-ocdpn4,0,train
Ship_Brass_Bell-Mike_Koenig-1458750630_uid-oksrz0,0,test
Ship_Brass_Bell-Mike_Koenig-1458750630_uid-pkj31k,0,train
Shopping_Mall Ambiance-SoundBible_uid-2tajd3,0,train
Shopping_Mall Ambiance-SoundBible_uid-eyfu5u,0,train
Shopping_Mall Ambiance-SoundBible_uid-fa5yaq,0,test
Shopping_Mall Ambiance-SoundBible_uid-qmgbmp,0,train
Shopping_Mall Ambiance-SoundBible_uid-uejo76,0,train
Shopping_Mall Ambiance-SoundBible_uid-uf9pqe,0,val
Siren_SoundBible_uid-5w44d1,0,train
Siren_SoundBible_uid-6dwgja,0,train
Siren_SoundBible_uid-7gohee,0,train
Siren_SoundBible_uid-8a8erq,0,train
Siren_SoundBible_uid-c9divg,0,train
Siren_SoundBible_uid-evjc8u,0,val
Siren_SoundBible_uid-j46u1a,0,train
Siren_SoundBible_uid-q0gjbt,0,train
Siren_SoundBible_uid-v7fsfu,0,train
Slam_Fork_Down-SoundBible_uid-avr992,0,train
Slam_Fork_Down-SoundBible_uid-ns5cz1,0,train
Sleigh_Bells_Ringing-SoundBible_uid-5lk6yl,0,val
Sleigh_Bells_Ringing-SoundBible_uid-aaawbg,0,val
Sleigh_Bells_Ringing-SoundBible_uid-abi0jn,0,train
Sleigh_Bells_Ringing-SoundBible_uid-bfqkvg,0,train
Sleigh_Bells_Ringing-SoundBible_uid-g3upfg,0,train
Sleigh_Bells_Ringing-SoundBible_uid-i52bxo,0,test
Sleigh_Bells_Ringing-SoundBible_uid-l8tbqi,0,train
Sleigh_Bells_Ringing-SoundBible_uid-ovw0qg,0,train
Sleigh_Bells_Ringing-SoundBible_uid-p7709t,0,val
Sleigh_Bells_Ringing-SoundBible_uid-qktlev,0,train
Sleigh_Bells_Ringing-SoundBible_uid-r04irn,0,val
Sleigh_Bells_Ringing-SoundBible_uid-rgog25,0,train
Sleigh_Bells_Ringing-SoundBible_uid-xjtewi,0,test
Soldiers_Marching-SoundBible_uid-0eax5q,0,test
Soldiers_Marching-SoundBible_uid-12z64t,0,val
Soldiers_Marching-SoundBible_uid-1x466i,0,train
Soldiers_Marching-SoundBible_uid-2cu62i,0,val
Soldiers_Marching-SoundBible_uid-4m3auc,0,test
Soldiers_Marching-SoundBible_uid-51ygbj,0,test
Soldiers_Marching-SoundBible_uid-5xkxw1,0,test
Soldiers_Marching-SoundBible_uid-8k67jd,0,val
Soldiers_Marching-SoundBible_uid-ab2cyl,0,train
Soldiers_Marching-SoundBible_uid-bqrx9i,0,test
Soldiers_Marching-SoundBible_uid-dnmjvo,0,train
Soldiers_Marching-SoundBible_uid-h3weqb,0,train
Soldiers_Marching-SoundBible_uid-l0p0eu,0,train
Soldiers_Marching-SoundBible_uid-lzd3fh,0,val
Soldiers_Marching-SoundBible_uid-m3vjjg,0,train
Soldiers_Marching-SoundBible_uid-opjr6u,0,train
Soldiers_Marching-SoundBible_uid-pwkjgw,0,train
Soldiers_Marching-SoundBible_uid-qjhu5w,0,val
Soldiers_Marching-SoundBible_uid-qrqs0t,0,train
Soldiers_Marching-SoundBible_uid-rzmitu,0,train
Soldiers_Marching-SoundBible_uid-t5bgmq,0,train
Soldiers_Marching-SoundBible_uid-uoo654,0,train
Soldiers_Marching-SoundBible_uid-w44qsg,0,val
Soldiers_Marching-SoundBible_uid-yq65as,0,train
Sports_Bar Patrons Loud-SoundBible_uid-0qx8ca,0,test
Sports_Bar Patrons Loud-SoundBible_uid-6p2s3s,0,train
Sports_Bar Patrons Loud-SoundBible_uid-911pcl,0,train
Steam_Engine-John-1826274710_uid-1hznao,0,test
Steam_Engine-John-1826274710_uid-9hoh52,0,train
Steam_Engine-John-1826274710_uid-9qykmv,0,test
Steam_Engine-John-1826274710_uid-o2z5o3,0,train
Steam_Engine-John-1826274710_uid-pe5dcl,0,test
Steam_Engine-John-1826274710_uid-ys8boz,0,train
Swimming_Pool Ambiance-SoundBible_uid-7sg0cz,0,val
Swimming_Pool Ambiance-SoundBible_uid-qgl4q6,0,train
Swimming_Pool Ambiance-SoundBible_uid-s4lq2v,0,train
Swimming_Pool Ambiance-SoundBible_uid-thd1td,0,test
Swimming_Pool Ambiance-SoundBible_uid-veffax,0,train
Swimming_Pool Ambiance-SoundBible_uid-zihv6a,0,train
Temple_Bell Huge-SoundBible_uid-plrytw,0,val
Temple_Bell Huge-SoundBible_uid-torzt8,0,train
Temple_Bell Huge-SoundBible_uid-vwd9pv,0,test
Temple_Bell_SoundBible_uid-86lbp7,0,train
Temple_Bell_SoundBible_uid-lnyqkj,0,train
Temple_Bell_SoundBible_uid-zeibnp,0,train
Ting_Popup_Pixels-349896185_uid-gndmnx,0,train
Ting_Popup_Pixels-349896185_uid-zubyh5,0,train
Tornado_Siren_II-Delilah-747233690_uid-3pzksl,0,train
Tornado_Siren_II-Delilah-747233690_uid-9imkus,0,test
Tornado_Siren_II-Delilah-747233690_uid-k23l64,0,test
Tornado_Siren_II-Delilah-747233690_uid-yu5cjs,0,test
Tornado_Siren_SoundBible_uid-6dnh9z,0,test
Tornado_Siren_SoundBible_uid-a80mf0,0,train
Tornado_Siren_SoundBible_uid-bf9wu7,0,val
Tornado_Siren_SoundBible_uid-g7d17q,0,test
Tornado_Siren_SoundBible_uid-m79scl,0,train
Tornado_Siren_SoundBible_uid-skz6k0,0,train
Two_Tone_Doorbell-SoundBible_uid-fcvwc3,0,train
Two_Tone_Doorbell-SoundBible_uid-j06pgn,0,train
Two_Tone_Doorbell-SoundBible_uid-qb31if,0,train
Walking-SoundBible_uid-1zy41w,0,train
Walking-SoundBible_uid-2e4rgy,0,train
Walking-SoundBible_uid-5x1rlw,0,val
Walking-SoundBible_uid-62j3do,0,test
Walking-SoundBible_uid-i5mmd8,0,train
Walking-SoundBible_uid-jon8e1,0,train
Walking-SoundBible_uid-jzho8s,0,train
Walking-SoundBible_uid-s5fn6f,0,train
Walking-SoundBible_uid-t2jbe2,0,train
Walking-SoundBible_uid-vk5lgr,0,train
Walking_Away-SoundBible_uid-003e5q,0,train
Walking_Away-SoundBible_uid-42umdt,0,train
Walking_Away-SoundBible_uid-4k4a4k,0,train
Walking_Away-SoundBible_uid-6u9e73,0,train
Walking_Away-SoundBible_uid-jy6tib,0,train
Walking_Away-SoundBible_uid-xmyrab,0,train
Walking_In_Snow-SoundBible_uid-21gueq,0,train
Walking_In_Snow-SoundBible_uid-2l1rzt,0,train
Walking_In_Snow-SoundBible_uid-41xzm1,0,train
Walking_In_Snow-SoundBible_uid-heh8am,0,train
Walking_In_Snow-SoundBible_uid-hoifci,0,test
Walking_In_Snow-SoundBible_uid-qt9lwg,0,train
Walking_In_Snow-SoundBible_uid-uorhbj,0,train
Walking_In_Snow-SoundBible_uid-zeh37h,0,val
Walking_On_Gravel-SoundBible_uid-7ajmna,0,val
Walking_On_Gravel-SoundBible_uid-7duozg,0,test
Walking_On_Gravel-SoundBible_uid-8jmvir,0,train
Walking_On_Gravel-SoundBible_uid-d8gtuv,0,train
Walking_On_Gravel-SoundBible_uid-eqtihd,0,val
Walking_On_Gravel-SoundBible_uid-fi611q,0,test
Walking_On_Gravel-SoundBible_uid-jhzvu7,0,test
Walking_On_Gravel-SoundBible_uid-m6gl7j,0,val
Walking_On_Gravel-SoundBible_uid-mjwkl5,0,val
Walking_On_Gravel-SoundBible_uid-n3401t,0,val
Walking_On_Gravel-SoundBible_uid-n611en,0,train
Walking_On_Gravel-SoundBible_uid-nig1hm,0,train
Walking_On_Gravel-SoundBible_uid-qlbvo1,0,train
Walking_On_Gravel-SoundBible_uid-sx1vdx,0,train
Walking_On_Gravel-SoundBible_uid-w2j0aq,0,val
Walking_On_Gravel_Bed-SoundBible_uid-5ihbve,0,train
Walking_On_Gravel_Bed-SoundBible_uid-6dat0n,0,train
Walking_On_Gravel_Bed-SoundBible_uid-6mi8l5,0,train
Walking_On_Gravel_Bed-SoundBible_uid-9x8ddo,0,train
Walking_On_Gravel_Bed-SoundBible_uid-bf5jts,0,val
Walking_On_Gravel_Bed-SoundBible_uid-kbu30i,0,train
Walking_On_Gravel_Bed-SoundBible_uid-rtx99m,0,train
Warning_Siren-SoundBible_uid-2u4g3n,0,val
Warning_Siren-SoundBible_uid-6grhp2,0,val
Warning_Siren-SoundBible_uid-dftrca,0,val
Warning_Siren-SoundBible_uid-fozzqu,0,train
Warning_Siren-SoundBible_uid-hoaz92,0,train
Winston_Churchill Nazi Speech-SoundBible_uid-0cmuel,0,train
Winston_Churchill Nazi Speech-SoundBible_uid-2unyd8,0,test
Winston_Churchill Nazi Speech-SoundBible_uid-4s48dc,0,train
Winston_Churchill Nazi Speech-SoundBible_uid-5pcc4v,0,train
Winston_Churchill Nazi Speech-SoundBible_uid-761zdn,0,test
Winston_Churchill Nazi Speech-SoundBible_uid-7bmxdz,0,train
Winston_Churchill Nazi Speech-SoundBible_uid-al7l64,0,train
Winston_Churchill Nazi Speech-SoundBible_uid-bxnadm,0,val
Winston_Churchill Nazi Speech-SoundBible_uid-dmwah1,0,train
Winston_Churchill Nazi Speech-SoundBible_uid-eqo07l,0,train
Winston_Churchill Nazi Speech-SoundBible_uid-er6dw9,0,train
Winston_Churchill Nazi Speech-SoundBible_uid-g4x51s,0,test
Winston_Churchill Nazi Speech-SoundBible_uid-iy3w2f,0,train
Winston_Churchill Nazi Speech-SoundBible_uid-jp39dv,0,test
Winston_Churchill Nazi Speech-SoundBible_uid-kltsbd,0,val
Winston_Churchill Nazi Speech-SoundBible_uid-kyjgqj,0,train
Winston_Churchill Nazi Speech-SoundBible_uid-lbzijr,0,val
Winston_Churchill Nazi Speech-SoundBible_uid-no7qj6,0,val
Winston_Churchill Nazi Speech-SoundBible_uid-o4v9k7,0,train
Winston_Churchill Nazi Speech-SoundBible_uid-pad9ga,0,train
Winston_Churchill Nazi Speech-SoundBible_uid-rtjtl9,0,train
Winston_Churchill Nazi Speech-SoundBible_uid-rwukdv,0,test
Winston_Churchill Nazi Speech-SoundBible_uid-tt9xln,0,train
Winston_Churchill Nazi Speech-SoundBible_uid-uo32ie,0,train
Winston_Churchill Nazi Speech-SoundBible_uid-y0ded0,0,val
Winston_Churchill Nazi Speech-SoundBible_uid-y5y8mt,0,train
Woman_Screaming 2-SoundBible_uid-c9acqz,0,test
Woman_Screaming 2-SoundBible_uid-fn45oh,0,train
Woman_Screaming 2-SoundBible_uid-topncu,0,train
ambience_casino-stephan_schutze-1391090820_uid-2huic7,0,val
ambience_casino-stephan_schutze-1391090820_uid-4y7nb9,0,train
ambience_casino-stephan_schutze-1391090820_uid-5nmnl0,0,val
ambience_casino-stephan_schutze-1391090820_uid-6jx1mx,0,train
ambience_casino-stephan_schutze-1391090820_uid-aikc3w,0,train
ambience_casino-stephan_schutze-1391090820_uid-c8911a,0,train
ambience_casino-stephan_schutze-1391090820_uid-rn7474,0,val
ambience_casino-stephan_schutze-1391090820_uid-x606pf,0,train
ambience_casino-stephan_schutze-1391090820_uid-x9mttt,0,val
ambience_casino-stephan_schutze-1391090820_uid-yc1rl4,0,train
church_chime-daniel_simon (1)_uid-09rb5t,0,train
church_chime-daniel_simon (1)_uid-9r03mn,0,train
church_chime-daniel_simon (1)_uid-cvxr9s,0,train
church_chime-daniel_simon (1)_uid-l2d890,0,train
church_chime-daniel_simon (1)_uid-mzomav,0,train
church_chime-daniel_simon (1)_uid-scdnqq,0,train
church_chime-daniel_simon (1)_uid-us7n97,0,train
church_chime-daniel_simon (1)_uid-vj35r6,0,train
church_chime-daniel_simon (1)_uid-y1lc3a,0,val
church_chime-daniel_simon (1)_uid-zsrdac,0,test
church_chime-daniel_simon_uid-45onex,0,train
church_chime-daniel_simon_uid-bbyw01,0,test
church_chime-daniel_simon_uid-dp5ksw,0,train
church_chime-daniel_simon_uid-ep1s6l,0,train
church_chime-daniel_simon_uid-j64p72,0,train
church_chime-daniel_simon_uid-ptobjb,0,train
church_chime-daniel_simon_uid-sxzijw,0,test
church_chime-daniel_simon_uid-wpdtaf,0,train
doberman_pincher_daniel-simion (1)_uid-7ys55d,0,val
doberman_pincher_daniel-simion (1)_uid-9cj8a1,0,val
doberman_pincher_daniel-simion (1)_uid-bpb79l,0,train
doberman_pincher_daniel-simion (1)_uid-ugwrn3,0,train
doberman_pincher_daniel-simion_uid-348sts,0,test
doberman_pincher_daniel-simion_uid-4gutjw,0,test
doberman_pincher_daniel-simion_uid-ct6peh,0,train
doberman_pincher_daniel-simion_uid-db2xc6,0,test
doberman_pincher_daniel-simion_uid-m6nbjk,0,test
doberman_pincher_daniel-simion_uid-rd25w7,0,train
doberman_pincher_daniel-simion_uid-s3o71k,0,train
doberman_pincher_daniel-simion_uid-wbtgcd,0,train
front_desk_bells-daniel_simon (1)_uid-w4bybb,0,val
front_desk_bells-daniel_simon (1)_uid-x61vsc,0,train
front_desk_bells-daniel_simon_uid-j1ij5v,0,train
front_desk_bells-daniel_simon_uid-wr4ti3,0,train
german_shephard-daniel_simon (1)_uid-3k0gm6,0,train
german_shephard-daniel_simon (1)_uid-6ujt5j,0,train
german_shephard-daniel_simon (1)_uid-9z02eo,0,train
german_shephard-daniel_simon (1)_uid-cohtrk,0,train
german_shephard-daniel_simon (1)_uid-erwt6n,0,train
german_shephard-daniel_simon (1)_uid-glt0t9,0,train
german_shephard-daniel_simon (1)_uid-j5hf6d,0,train
german_shephard-daniel_simon (1)_uid-kwuogk,0,train
german_shephard-daniel_simon (1)_uid-l7q44i,0,train
german_shephard-daniel_simon (1)_uid-rakjbq,0,train
german_shephard-daniel_simon (1)_uid-slfadc,0,val
german_shephard-daniel_simon (1)_uid-v1bq42,0,train
german_shephard-daniel_simon (1)_uid-x57o4h,0,test
german_shephard-daniel_simon_uid-2radr4,0,val
german_shephard-daniel_simon_uid-35by3o,0,test
german_shephard-daniel_simon_uid-6ciyoq,0,train
german_shephard-daniel_simon_uid-9entpt,0,train
german_shephard-daniel_simon_uid-dcly7h,0,train
german_shephard-daniel_simon_uid-dh4s20,0,val
german_shephard-daniel_simon_uid-f5b9hf,0,train
german_shephard-daniel_simon_uid-ku0s9t,0,train
german_shephard-daniel_simon_uid-l1qc1k,0,train
german_shephard-daniel_simon_uid-m5ql7t,0,train
german_shephard-daniel_simon_uid-pvf0s7,0,val
german_shephard-daniel_simon_uid-ug65v7,0,val
german_shephard-daniel_simon_uid-v3o4ha,0,val
hard_shoes_1-daniel_simon_uid-10x4hj,0,train
hard_shoes_1-daniel_simon_uid-5m2o95,0,val
hard_shoes_1-daniel_simon_uid-63zrp9,0,val
hard_shoes_1-daniel_simon_uid-fnvbmk,0,val
hard_shoes_1-daniel_simon_uid-lqfqp3,0,test
hard_shoes_1-daniel_simon_uid-v2ufy8,0,train
hard_shoes_1-daniel_simon_uid-xib2zr,0,train
harley_davidson-daniel_simon_uid-3gnkx0,0,test
harley_davidson-daniel_simon_uid-5tbvav,0,test
harley_davidson-daniel_simon_uid-rrapxf,0,train
harley_davidson-daniel_simon_uid-u50bl2,0,train
harley_davidson-daniel_simon_uid-z10dl0,0,train
labrador_barking-daniel_simon_uid-12led8,0,train
labrador_barking-daniel_simon_uid-22rq8x,0,train
labrador_barking-daniel_simon_uid-3pf568,0,train
labrador_barking-daniel_simon_uid-5ubsj5,0,train
labrador_barking-daniel_simon_uid-8xft75,0,train
labrador_barking-daniel_simon_uid-9llf9n,0,train
labrador_barking-daniel_simon_uid-cpx5m6,0,test
labrador_barking-daniel_simon_uid-cvf4k1,0,test
labrador_barking-daniel_simon_uid-ejrzab,0,train
labrador_barking-daniel_simon_uid-g9g79x,0,train
labrador_barking-daniel_simon_uid-gakl2j,0,train
labrador_barking-daniel_simon_uid-glq00f,0,train
labrador_barking-daniel_simon_uid-go8h0o,0,train
labrador_barking-daniel_simon_uid-j0e09a,0,test
labrador_barking-daniel_simon_uid-knl4i5,0,train
labrador_barking-daniel_simon_uid-lejrc1,0,train
labrador_barking-daniel_simon_uid-mdlh3t,0,train
labrador_barking-daniel_simon_uid-mrurpr,0,train
labrador_barking-daniel_simon_uid-mwgdoo,0,test
labrador_barking-daniel_simon_uid-p1nd4y,0,test
labrador_barking-daniel_simon_uid-px7218,0,test
labrador_barking-daniel_simon_uid-qqyt0q,0,train
labrador_barking-daniel_simon_uid-rzhtt2,0,train
labrador_barking-daniel_simon_uid-tvn2nw,0,val
muscle_car-daniel_simon (1)_uid-2xug3x,0,train
muscle_car-daniel_simon (1)_uid-5hcw2i,0,train
muscle_car-daniel_simon (1)_uid-aqjdz8,0,train
muscle_car-daniel_simon (1)_uid-hvisfn,0,test
muscle_car-daniel_simon (1)_uid-jfy71h,0,val
muscle_car-daniel_simon (1)_uid-onh7ao,0,train
muscle_car-daniel_simon (1)_uid-qmynaw,0,train
muscle_car-daniel_simon (1)_uid-vli16l,0,train
muscle_car-daniel_simon_uid-cnf4ve,0,train
muscle_car-daniel_simon_uid-cplmio,0,train
muscle_car-daniel_simon_uid-jpcsdl,0,test
old_car-engine_daniel_simion_uid-234dke,0,train
old_car-engine_daniel_simion_uid-2lzarp,0,test
old_car-engine_daniel_simion_uid-2yxmfv,0,train
old_car-engine_daniel_simion_uid-5xyl64,0,test
old_car-engine_daniel_simion_uid-68gbna,0,train
old_car-engine_daniel_simion_uid-8mfyeb,0,test
old_car-engine_daniel_simion_uid-9xmt28,0,test
old_car-engine_daniel_simion_uid-ep1lus,0,train
old_car-engine_daniel_simion_uid-hhzuzk,0,train
old_car-engine_daniel_simion_uid-k3nphi,0,val
old_car-engine_daniel_simion_uid-mraruj,0,train
old_car-engine_daniel_simion_uid-rgmb57,0,train
old_car-engine_daniel_simion_uid-xibx7i,0,train
old_fashioned-door-bell-daniel_simon_uid-1bqwmt,0,test
old_fashioned-door-bell-daniel_simon_uid-3zwbmp,0,train
old_fashioned-door-bell-daniel_simon_uid-78ipsp,0,train
old_fashioned-door-bell-daniel_simon_uid-8q7aiq,0,test
old_fashioned-door-bell-daniel_simon_uid-fj2u4d,0,train
old_fashioned-door-bell-daniel_simon_uid-h7we48,0,train
output1_uid-q4b1fl,1,train
party_crowd-daniel_simon_uid-84vohn,0,train
party_crowd-daniel_simon_uid-8a80c1,0,train
party_crowd-daniel_simon_uid-8pwj7x,0,test
party_crowd-daniel_simon_uid-gld5ul,0,val
party_crowd-daniel_simon_uid-octm7p,0,val
party_crowd-daniel_simon_uid-vroqkp,0,test
party_crowd-daniel_simon_uid-whd4fj,0,train
party_crowd-daniel_simon_uid-zjmqhj,0,val
railroad_crossing_bell-Brylon_Terry-1551570865 (1)_uid-55is8o,0,test
railroad_crossing_bell-Brylon_Terry-1551570865 (1)_uid-6mnkqh,0,test
railroad_crossing_bell-Brylon_Terry-1551570865 (1)_uid-8u71xp,0,train
railroad_crossing_bell-Brylon_Terry-1551570865 (1)_uid-9vd0kq,0,train
railroad_crossing_bell-Brylon_Terry-1551570865 (1)_uid-grcip2,0,train
railroad_crossing_bell-Brylon_Terry-1551570865 (1)_uid-gvtn9w,0,train
railroad_crossing_bell-Brylon_Terry-1551570865 (1)_uid-mi9sxj,0,test
railroad_crossing_bell-Brylon_Terry-1551570865 (1)_uid-n15yft,0,test
railroad_crossing_bell-Brylon_Terry-1551570865 (1)_uid-vxl8al,0,test
railroad_crossing_bell-Brylon_Terry-1551570865 (1)_uid-waev1t,0,test
railroad_crossing_bell-Brylon_Terry-1551570865 (1)_uid-ylhj37,0,train
railroad_crossing_bell-Brylon_Terry-1551570865 (1)_uid-zyz59r,0,test
railroad_crossing_bell-Brylon_Terry-1551570865_uid-ejhzbl,0,test
railroad_crossing_bell-Brylon_Terry-1551570865_uid-fh94qe,0,train
railroad_crossing_bell-Brylon_Terry-1551570865_uid-fk1zwm,0,train
railroad_crossing_bell-Brylon_Terry-1551570865_uid-iun6ns,0,train
railroad_crossing_bell-Brylon_Terry-1551570865_uid-nbm67d,0,train
railroad_crossing_bell-Brylon_Terry-1551570865_uid-po2yqk,0,test
railroad_crossing_bell-Brylon_Terry-1551570865_uid-qprwom,0,val
railroad_crossing_bell-Brylon_Terry-1551570865_uid-zbky8w,0,train
service_bell_daniel_simion_uid-ehss0n,0,train
service_bell_daniel_simion_uid-h9isqd,0,val
tolling_bell_daniel-simion_uid-cyg1sz,0,train
tolling_bell_daniel-simion_uid-cz4xcj,0,train
tolling_bell_daniel-simion_uid-kg3lrg,0,test
tolling_bell_daniel-simion_uid-witt3h,0,test
