recording_id,split
221640__jakesapp23__gunshot-1_uid-t3t56m,test
370332__morganpurkis__single-gunshot-2-v2_uid-2shhwg,test
384689__dobroide__20170318gunshotparadiso_uid-8nfgas,test
402013__eardeer__gunshot__high_4_uid-dzkr28,test
402791__acidsnowflake__ak47-and-various-other-gunshots-at-indoor-shooting-range_uid-t420qo,test
405132__fstagi__gunshots_uid-ux8qa6,test
518181__bolkmar__fx-gunshot_uid-es96l9,test
518181__bolkmar__fx-gunshot_uid-j3vsmz,test
518181__bolkmar__fx-gunshot_uid-mndnub,test
519623__nathanchurchyard__gunshots_uid-04snto,test
519623__nathanchurchyard__gunshots_uid-hkereq,test
683312__pnmcarrierailfan__pistol-gunshot-mix-weapons_uid-lujshy,test
Baby_Talk_30 Sec-SoundBible_uid-nt49fb,test
Background_Noise-SoundBible_uid-9tt4fj,test
Background_Noise-SoundBible_uid-c2rszc,test
Bi_Polar_Uncle-ScanMan-1810098860_uid-tl65kg,test
Bi_Polar_Uncle-ScanMan-1810098860_uid-zc1ipd,test
Big_door_closed-Clemens_F-941522533_uid-n02it9,test
Car_Door_Close-SoundBible_uid-6bk4y1,test
Car_Door_Close-SoundBible_uid-9h2t6o,test
Citty_Traffic Ambiance-SoundBible_uid-oqpbd8,test
City_Ambiance-SoundBible_uid-ay65s0,test
Classroom_Ambiance-SoundBible_uid-ebc6mm,test
Classroom_Ambiance-SoundBible_uid-fvc0b8,test
Classroom_Ambiance-SoundBible_uid-ore0tv,test
Close_Vault_Or_Jail_Door-SoundBible_uid-1b3a8u,test
Dog_Barking-SoundBible_uid-77rxso,test
Dogs_Barking-SoundBible_uid-0ftva8,test
Dogs_Barking-SoundBible_uid-3elcfr,test
Dogs_Barking-SoundBible_uid-7p80fn,test
Dogs_Barking-SoundBible_uid-89py07,test
Dogs_Barking-SoundBible_uid-ibcp6w,test
Dogs_Barking-SoundBible_uid-n7k6p9,test
Dogs_Barking-SoundBible_uid-nzoaru,test
End_of_Game-Mike_Koenig-617089079_uid-1gc3kq,test
End_of_Game-Mike_Koenig-617089079_uid-foqzbk,test
End_of_Game-Mike_Koenig-617089079_uid-v2wwmb,test
Engine_Inside_Car-SoundBible_uid-as3jed,test
Footsteps_SoundBible_uid-dg95vk,test
Footsteps_SoundBible_uid-xbzr9w,test
Hockey_Game Ambiance-SoundBible_uid-xi7z7i,test
Indian_Bell-SoundBible_uid-t0u6xu,test
Large_Door_Slam-SoundBible_uid-u1l5bj,test
Large_Door_Slam-SoundBible_uid-y1fcj2,test
Little_Girl_Talking-Mike_Koenig-782373463_uid-embfqd,test
Little_Girl_Talking-Mike_Koenig-782373463_uid-k5273w,test
Mother_In_Law-SoundBible_uid-z92smn,test
Neighborhood_Dogs Barking-SoundBible_uid-6a1kho,test
Neighborhood_Dogs Barking-SoundBible_uid-6psl8n,test
Neighborhood_Dogs Barking-SoundBible_uid-dwmjp4,test
Neighborhood_Dogs Barking-SoundBible_uid-p7gr4b,test
Obama_Speech Liar-SoundBible_uid-8mnhtv,test
Obama_Speech Liar-SoundBible_uid-vfb2cc,test
Old_Door_Creaking-SoundBible_uid-vmd0mi,test
Person_Screaming No-SoundBible_uid-1cr947,test
Police_Siren_2-SoundBible_uid-v714xd,test
Psycho_Scream-SoundBible_uid-42a8md,test
Psycho_Scream-SoundBible_uid-b3cndq,test
Public_Transit_Bus-SoundBible_uid-a8fyah,test
Puppy_Dog Barking-SoundBible_uid-6ig5tz,test
Puppy_Dog Barking-SoundBible_uid-hhl2n0,test
Restaurant Walla Track-SoundBible_uid-fk59q6,test
Restaurant Walla Track-SoundBible_uid-l5x040,test
School_Fire_Alarm-Cullen_Card-202875844_uid-lasqeu,test
School_Fire_Alarm-Cullen_Card-202875844_uid-rgrj5b,test
Shift_Gears-SoundBible_uid-cvmuj8,test
Shift_Gears-SoundBible_uid-fssn70,test
Ship_Bell-Mike_Koenig-1911209136_uid-vns4ok,test
Ship_Brass_Bell-Mike_Koenig-1458750630_uid-htec95,test
Ship_Brass_Bell-Mike_Koenig-1458750630_uid-j371as,test
Ship_Brass_Bell-Mike_Koenig-1458750630_uid-ocdpn4,test
Ship_Brass_Bell-Mike_Koenig-1458750630_uid-oksrz0,test
Siren_SoundBible_uid-5w44d1,test
Sleigh_Bells_Ringing-SoundBible_uid-p7709t,test
Soldiers_Marching-SoundBible_uid-1x466i,test
Soldiers_Marching-SoundBible_uid-2cu62i,test
Soldiers_Marching-SoundBible_uid-51ygbj,test
Soldiers_Marching-SoundBible_uid-ab2cyl,test
Soldiers_Marching-SoundBible_uid-dnmjvo,test
Soldiers_Marching-SoundBible_uid-l0p0eu,test
Soldiers_Marching-SoundBible_uid-uoo654,test
Soldiers_Marching-SoundBible_uid-yq65as,test
Swimming_Pool Ambiance-SoundBible_uid-zihv6a,test
Walking-SoundBible_uid-2e4rgy,test
Walking-SoundBible_uid-i5mmd8,test
Walking_Away-SoundBible_uid-003e5q,test
Walking_Away-SoundBible_uid-6u9e73,test
Walking_In_Snow-SoundBible_uid-uorhbj,test
Walking_In_Snow-SoundBible_uid-zeh37h,test
Walking_On_Gravel-SoundBible_uid-8jmvir,test
Walking_On_Gravel-SoundBible_uid-qlbvo1,test
Walking_On_Gravel-SoundBible_uid-sx1vdx,test
Walking_On_Gravel_Bed-SoundBible_uid-6dat0n,test
Walking_On_Gravel_Bed-SoundBible_uid-6mi8l5,test
Walking_On_Gravel_Bed-SoundBible_uid-9x8ddo,test
Winston_Churchill Nazi Speech-SoundBible_uid-4s48dc,test
Winston_Churchill Nazi Speech-SoundBible_uid-7bmxdz,test
Winston_Churchill Nazi Speech-SoundBible_uid-kyjgqj,test
ambience_casino-stephan_schutze-1391090820_uid-6jx1mx,test
ambience_casino-stephan_schutze-1391090820_uid-c8911a,test
church_chime-daniel_simon (1)_uid-cvxr9s,test
church_chime-daniel_simon_uid-45onex,test
church_chime-daniel_simon_uid-ep1s6l,test
church_chime-daniel_simon_uid-ptobjb,test
doberman_pincher_daniel-simion (1)_uid-7ys55d,test
front_desk_bells-daniel_simon (1)_uid-x61vsc,test
german_shephard-daniel_simon (1)_uid-kwuogk,test
german_shephard-daniel_simon_uid-ku0s9t,test
labrador_barking-daniel_simon_uid-12led8,test
labrador_barking-daniel_simon_uid-8xft75,test
labrador_barking-daniel_simon_uid-knl4i5,test
labrador_barking-daniel_simon_uid-mwgdoo,test
labrador_barking-daniel_simon_uid-qqyt0q,test
muscle_car-daniel_simon (1)_uid-qmynaw,test
old_car-engine_daniel_simion_uid-xibx7i,test
railroad_crossing_bell-Brylon_Terry-1551570865 (1)_uid-mi9sxj,test
tolling_bell_daniel-simion_uid-witt3h,test
241008_1_uid-xaqkru,test
241008_2_uid-bo0vei,test
241008_5_uid-hlycay,test
241008_5_uid-hy37r6,test
241008_5_uid-sv5s9r,test
241008_6_uid-gdbsga,test
241008_6_uid-nmu1po,test
241009_4_uid-1jp830,test
241009_4_uid-40vxbk,test
241009_4_uid-4uutgk,test
241009_4_uid-lwr4w6,test
128302__xenonn__layered-gunshot-8_uid-lse78m,train
147901__tcawte__gunshot_uid-ffols3,train
171236__alukahn__gunshot2_uid-fcn21d,train
180961__kleeb__gunshots_uid-kz30bp,train
20352__cognito-perceptu__gunshot_uid-ejdc8l,train
337242__adrilahan__distant-three-round-burst_uid-hpid0y,train
344524__jeremysykes__gunshot02_uid-8hfr2k,train
371041__morganpurkis__single-gunshot-3_uid-1k053k,train
384687__morganpurkis__single-gunshot-42_uid-u9d6r1,train
384689__dobroide__20170318gunshotparadiso_uid-8mby6q,train
384689__dobroide__20170318gunshotparadiso_uid-uof88q,train
384689__dobroide__20170318gunshotparadiso_uid-vwkgqm,train
384689__dobroide__20170318gunshotparadiso_uid-xdxkmb,train
384689__dobroide__20170318gunshotparadiso_uid-zyxakp,train
399266__morganpurkis__simple-gunshot-reverb-test_uid-lr1lb6,train
402008__eardeer__gunshot__high_3_uid-4j4q67,train
402012__eardeer__gunshot__high_5_uid-aaerc6,train
402014__eardeer__gunshot__high_6_uid-dd20sk,train
402791__acidsnowflake__ak47-and-various-other-gunshots-at-indoor-shooting-range_uid-6aezru,train
402791__acidsnowflake__ak47-and-various-other-gunshots-at-indoor-shooting-range_uid-7aijxv,train
402791__acidsnowflake__ak47-and-various-other-gunshots-at-indoor-shooting-range_uid-7x2600,train
402791__acidsnowflake__ak47-and-various-other-gunshots-at-indoor-shooting-range_uid-9yxqa7,train
402791__acidsnowflake__ak47-and-various-other-gunshots-at-indoor-shooting-range_uid-af9hyb,train
402791__acidsnowflake__ak47-and-various-other-gunshots-at-indoor-shooting-range_uid-aymttz,train
402791__acidsnowflake__ak47-and-various-other-gunshots-at-indoor-shooting-range_uid-btphrk,train
402791__acidsnowflake__ak47-and-various-other-gunshots-at-indoor-shooting-range_uid-byjlki,train
402791__acidsnowflake__ak47-and-various-other-gunshots-at-indoor-shooting-range_uid-emyyzn,train
402791__acidsnowflake__ak47-and-various-other-gunshots-at-indoor-shooting-range_uid-ieochv,train
402791__acidsnowflake__ak47-and-various-other-gunshots-at-indoor-shooting-range_uid-l3ibfo,train
402791__acidsnowflake__ak47-and-various-other-gunshots-at-indoor-shooting-range_uid-n6db0o,train
402791__acidsnowflake__ak47-and-various-other-gunshots-at-indoor-shooting-range_uid-qe3eyz,train
402791__acidsnowflake__ak47-and-various-other-gunshots-at-indoor-shooting-range_uid-qwmyny,train
402791__acidsnowflake__ak47-and-various-other-gunshots-at-indoor-shooting-range_uid-ria7cw,train
402791__acidsnowflake__ak47-and-various-other-gunshots-at-indoor-shooting-range_uid-t4sna7,train
402791__acidsnowflake__ak47-and-various-other-gunshots-at-indoor-shooting-range_uid-virgye,train
402791__acidsnowflake__ak47-and-various-other-gunshots-at-indoor-shooting-range_uid-wim8gs,train
404816__straget__gunshot_uid-1lffgk,train
405132__fstagi__gunshots_uid-xyilvk,train
51470__smcameron__synthetic_gunshot_2_uid-vatpwv,train
516684__supreme1197__gunshot_uid-wvvzr7,train
518181__bolkmar__fx-gunshot_uid-4ei81r,train
518181__bolkmar__fx-gunshot_uid-al1o0i,train
518181__bolkmar__fx-gunshot_uid-bhz6v7,train
518181__bolkmar__fx-gunshot_uid-fzl4r4,train
519623__nathanchurchyard__gunshots_uid-0vbgff,train
519623__nathanchurchyard__gunshots_uid-5qaogm,train
519623__nathanchurchyard__gunshots_uid-guol0j,train
519623__nathanchurchyard__gunshots_uid-jyaue7,train
519623__nathanchurchyard__gunshots_uid-kvxx3q,train
519623__nathanchurchyard__gunshots_uid-m3daea,train
519623__nathanchurchyard__gunshots_uid-ro3jyx,train
519623__nathanchurchyard__gunshots_uid-voqt7j,train
519623__nathanchurchyard__gunshots_uid-x2v9jo,train
683312__pnmcarrierailfan__pistol-gunshot-mix-weapons_uid-7iyru8,train
683312__pnmcarrierailfan__pistol-gunshot-mix-weapons_uid-qw3gyl,train
683312__pnmcarrierailfan__pistol-gunshot-mix-weapons_uid-tmmoay,train
686351__rangerrich68__gunshot_uid-lpnv47,train
Amusement_Park Ambiance -SoundBible_uid-1rnz3c,train
Amusement_Park Ambiance -SoundBible_uid-jwv6lq,train
Baby_Girl_Speaking-SoundBible_uid-lfp0pl,train
Baby_Talk-SoundBible_uid-5isz0s,train
Baby_Talk-SoundBible_uid-tlhzgq,train
Baby_Talk_2-SoundBible_uid-igfidk,train
Baby_Talk_2-SoundBible_uid-th40ni,train
Baby_Talk_30 Sec-SoundBible_uid-8snvch,train
Baby_Talk_30 Sec-SoundBible_uid-cszg60,train
Background_Noise-SoundBible_uid-mnn2bm,train
Bi_Polar_Uncle-ScanMan-1810098860_uid-4x1yuf,train
Bi_Polar_Uncle-ScanMan-1810098860_uid-7qv96e,train
Bi_Polar_Uncle-ScanMan-1810098860_uid-app2oh,train
Bi_Polar_Uncle-ScanMan-1810098860_uid-evaiic,train
Bi_Polar_Uncle-ScanMan-1810098860_uid-iqacxf,train
Bi_Polar_Uncle-ScanMan-1810098860_uid-l7n0jt,train
Bi_Polar_Uncle-ScanMan-1810098860_uid-mj8x2a,train
Bi_Polar_Uncle-ScanMan-1810098860_uid-omv54z,train
Bi_Polar_Uncle-ScanMan-1810098860_uid-opz6ls,train
Bi_Polar_Uncle-ScanMan-1810098860_uid-p90ljg,train
Big_door_closed-Clemens_F-941522533 (1)_uid-dn5qo5,train
Car Engine Revving-SoundBible_uid-2l6ct5,train
Car Engine Revving-SoundBible_uid-4uzfw6,train
Car Engine Revving-SoundBible_uid-fyajld,train
Car Engine Revving-SoundBible_uid-galjzz,train
Car Engine Revving-SoundBible_uid-nbreqs,train
Car Engine Revving-SoundBible_uid-pep718,train
Cellar_Door Slam Shut-SoundBible_uid-6z7omr,train
Cellar_Door Slam Shut-SoundBible_uid-pg4dq8,train
Child_Scream-SoundBible_uid-bc3l50,train
Citty_Traffic Ambiance-SoundBible_uid-87yimc,train
Citty_Traffic Ambiance-SoundBible_uid-8vk0wx,train
Citty_Traffic Ambiance-SoundBible_uid-mxbe2e,train
Citty_Traffic Ambiance-SoundBible_uid-q0srdn,train
City_Ambiance-SoundBible_uid-4yigy2,train
City_Ambiance-SoundBible_uid-68vh9e,train
City_Ambiance-SoundBible_uid-7sgond,train
City_Ambiance-SoundBible_uid-7xt5uu,train
City_Ambiance-SoundBible_uid-8yrqh9,train
City_Ambiance-SoundBible_uid-dla4u8,train
City_Ambiance-SoundBible_uid-i7015o,train
City_Ambiance-SoundBible_uid-i9g0oq,train
City_Ambiance-SoundBible_uid-rl1vl3,train
City_Ambiance-SoundBible_uid-s5wbfi,train
City_Ambiance-SoundBible_uid-t8xlgr,train
Classroom_Ambiance-SoundBible_uid-15mvqy,train
Classroom_Ambiance-SoundBible_uid-24lp47,train
Classroom_Ambiance-SoundBible_uid-6auadw,train
Classroom_Ambiance-SoundBible_uid-d5qym1,train
Classroom_Ambiance-SoundBible_uid-d854bp,train
Classroom_Ambiance-SoundBible_uid-gdn6cv,train
Classroom_Ambiance-SoundBible_uid-iq3l57,train
Classroom_Ambiance-SoundBible_uid-jqyb9y,train
Classroom_Ambiance-SoundBible_uid-jysh5m,train
Classroom_Ambiance-SoundBible_uid-p82vfx,train
Classroom_Ambiance-SoundBible_uid-pzelvg,train
Classroom_Ambiance-SoundBible_uid-q49pv1,train
Classroom_Ambiance-SoundBible_uid-qfbdk0,train
Classroom_Ambiance-SoundBible_uid-su8rm4,train
Classroom_Ambiance-SoundBible_uid-uu3ewb,train
Classroom_Ambiance-SoundBible_uid-vqytfv,train
Classroom_Ambiance-SoundBible_uid-xv302f,train
Classroom_Ambiance-SoundBible_uid-y6icwf,train
Classroom_Ambiance-SoundBible_uid-ykywwj,train
Close_Door-SoundBible_uid-9hk9y4,train
Close_Door-SoundBible_uid-ial4ob,train
Close_Door-SoundBible_uid-lz6pl2,train
Close_Door-SoundBible_uid-xdkfqe,train
Close_Vault_Or_Jail_Door-SoundBible_uid-bnzxyv,train
Close_Vault_Or_Jail_Door-SoundBible_uid-lasl2n,train
Dog_Barking-SoundBible_uid-udwefz,train
Dogs_Barking-SoundBible_uid-06db9u,train
Dogs_Barking-SoundBible_uid-0zgu9a,train
Dogs_Barking-SoundBible_uid-6cuhxo,train
Dogs_Barking-SoundBible_uid-79zhgq,train
Dogs_Barking-SoundBible_uid-80y6uy,train
Dogs_Barking-SoundBible_uid-9ow2fw,train
Dogs_Barking-SoundBible_uid-itlawo,train
Dogs_Barking-SoundBible_uid-jwx6oc,train
Dogs_Barking-SoundBible_uid-k8qbi9,train
Dogs_Barking-SoundBible_uid-o3hpsc,train
Dogs_Barking-SoundBible_uid-pl29dj,train
Dogs_Barking-SoundBible_uid-prqla1,train
Dogs_Barking-SoundBible_uid-sats5w,train
Dogs_Barking-SoundBible_uid-sfd0pk,train
Dogs_Barking-SoundBible_uid-spcx7j,train
Dogs_Barking-SoundBible_uid-tctr15,train
Dogs_Barking-SoundBible_uid-vzwpy8,train
Dogs_Barking-SoundBible_uid-zowyrl,train
Dogs_Barking-SoundBible_uid-zqh7hs,train
Door_Close-SoundBible_uid-bsfxd7,train
Doorbell-SoundBible_uid-es14aj,train
Doorbell-SoundBible_uid-hu3smh,train
End_of_Game-Mike_Koenig-617089079_uid-0scusn,train
End_of_Game-Mike_Koenig-617089079_uid-21e27w,train
End_of_Game-Mike_Koenig-617089079_uid-fksa7e,train
End_of_Game-Mike_Koenig-617089079_uid-fll93l,train
End_of_Game-Mike_Koenig-617089079_uid-ub93e1,train
End_of_Game-Mike_Koenig-617089079_uid-w07rds,train
End_of_Game-Mike_Koenig-617089079_uid-ymc7zy,train
Engine_Inside_Car-SoundBible_uid-5dbezn,train
Engine_Inside_Car-SoundBible_uid-c82nes,train
Engine_Inside_Car-SoundBible_uid-k3dkr3,train
Engine_Inside_Car-SoundBible_uid-nxs82p,train
Engine_Inside_Car-SoundBible_uid-omd0h5,train
Engine_Inside_Car-SoundBible_uid-pzuxz5,train
Fast_Heel_Walk-Kyanna_Johnson-1646343608_uid-0htqu7,train
Fast_Heel_Walk-Kyanna_Johnson-1646343608_uid-8u9yx0,train
Fast_Heel_Walk-Kyanna_Johnson-1646343608_uid-9q2nn5,train
Fast_Heel_Walk-Kyanna_Johnson-1646343608_uid-kfy902,train
Female_Scream-SoundBible_uid-snslsg,train
Female_Scream_Horror-NeoPhyTe-138499973_uid-w7fb5j,train
Fire_Truck_Siren-SoundBible_uid-c00lnm,train
Footsteps_SoundBible_uid-4v6zy1,train
Footsteps_SoundBible_uid-7fgddj,train
Footsteps_SoundBible_uid-hnz36f,train
Footsteps_SoundBible_uid-hvf0z6,train
Footsteps_SoundBible_uid-jzp69l,train
Footsteps_SoundBible_uid-ouanxu,train
Footsteps_SoundBible_uid-qgm67h,train
Footsteps_SoundBible_uid-t85wos,train
Footsteps_SoundBible_uid-xjk06n,train
Frying_Pan_Impact-SoundBible_uid-4tjysk,train
Frying_Pan_Impact-SoundBible_uid-gy4uv0,train
Frying_Pan_Impact-SoundBible_uid-nbylf3,train
Full_Throttle-SoundBible_uid-13goe3,train
Full_Throttle-SoundBible_uid-dywhw9,train
Hockey_Game Ambiance-SoundBible_uid-mxy25p,train
Hockey_Game Ambiance-SoundBible_uid-n2vcjy,train
Hockey_Game Ambiance-SoundBible_uid-oqjbda,train
Hockey_Game Ambiance-SoundBible_uid-xlgm26,train
Howard_Dean Screaming-SoundBible_uid-houbpy,train
Howard_Dean Screaming-SoundBible_uid-kng9vm,train
Indian_Bell-SoundBible_uid-05cpjg,train
Indian_Bell-SoundBible_uid-j1iwfo,train
Indian_Bell-SoundBible_uid-qiywb4,train
Japanese_Temple Bell Small-SoundBible_uid-8kpqn1,train
Japanese_Temple Bell Small-SoundBible_uid-lh5wut,train
Japanese_Temple Bell Small-SoundBible_uid-yzjgir,train
Large_Door_Slam-SoundBible_uid-13jhqa,train
Large_Door_Slam-SoundBible_uid-1psoyj,train
Large_Door_Slam-SoundBible_uid-4zllfp,train
Large_Door_Slam-SoundBible_uid-am54hr,train
Large_Door_Slam-SoundBible_uid-kv2u9m,train
Large_Door_Slam-SoundBible_uid-ljg1k3,train
Large_Metal_Rusty Door-SoundBible_uid-ihz0ur,train
Large_Metal_Rusty Door-SoundBible_uid-xn083m,train
Little_Girl_Talking-Mike_Koenig-782373463_uid-bstw5g,train
Little_Girl_Talking-Mike_Koenig-782373463_uid-smhgf9,train
Metal_Gong-Dianakc-109711828_uid-hlegwg,train
Metal_Gong-Dianakc-109711828_uid-lhnelh,train
Metal_Gong-Dianakc-109711828_uid-rq5l1a,train
Metal_Gong-Dianakc-109711828_uid-uc2x01,train
Mother_In_Law-SoundBible_uid-2i8a7l,train
Mother_In_Law-SoundBible_uid-4pm43v,train
Mother_In_Law-SoundBible_uid-5qenfz,train
Mother_In_Law-SoundBible_uid-w06jo6,train
Motorcycle_Engine-SoundBible_uid-5o451c,train
Motorcycle_Engine-SoundBible_uid-bo8n5y,train
Motorcycle_Engine-SoundBible_uid-ed9qr0,train
Motorcycle_Engine-SoundBible_uid-l2zh6x,train
Motorcycle_Engine-SoundBible_uid-nylusr,train
Motorcycle_Engine-SoundBible_uid-vcok6o,train
Neighborhood_Dogs Barking-SoundBible_uid-7mwktq,train
Neighborhood_Dogs Barking-SoundBible_uid-b8m1ha,train
Neighborhood_Dogs Barking-SoundBible_uid-i17h1l,train
Neighborhood_Dogs Barking-SoundBible_uid-jq0pvf,train
Neighborhood_Dogs Barking-SoundBible_uid-kc7h7x,train
Neighborhood_Dogs Barking-SoundBible_uid-lnpr65,train
Neighborhood_Dogs Barking-SoundBible_uid-rq1qkq,train
Neighborhood_Dogs Barking-SoundBible_uid-u0utjf,train
Obama_Speech Liar-SoundBible_uid-56tkh6,train
Obama_Speech Liar-SoundBible_uid-it25ex,train
Obama_Speech Liar-SoundBible_uid-m55wqm,train
Obama_Speech Liar-SoundBible_uid-o893eg,train
Old_Door_Creaking-SoundBible_uid-0yquhs,train
Old_Door_Creaking-SoundBible_uid-12sdup,train
Old_Door_Creaking-SoundBible_uid-3nda72,train
Old_Door_Creaking-SoundBible_uid-3zq0t3,train
Old_Door_Creaking-SoundBible_uid-6phapn,train
Old_Door_Creaking-SoundBible_uid-ozrhlo,train
Old_Door_Creaking-SoundBible_uid-q6uf3u,train
Old_Door_Creaking-SoundBible_uid-rehqyi,train
People_Screaming-SoundBible_uid-bp2stl,train
People_Screaming-SoundBible_uid-hfkye2,train
People_Screaming-SoundBible_uid-izy7pt,train
Police Siren 3-SoundBible_uid-2pvfa4,train
Police Siren 3-SoundBible_uid-3d5i8j,train
Police Siren 3-SoundBible_uid-cycqe4,train
Police Siren 3-SoundBible_uid-nytspf,train
Police_Siren-SoundBible_uid-uyk0z0,train
Police_Siren_2-SoundBible_uid-mvtx9k,train
Police_TheCristi95-214716303_uid-fqrk8v,train
Psycho_Scream-SoundBible_uid-2utxng,train
Psycho_Scream-SoundBible_uid-41fmfi,train
Psycho_Scream-SoundBible_uid-uococi,train
Public_Transit_Bus-SoundBible_uid-cwr0mf,train
Public_Transit_Bus-SoundBible_uid-ubrqyj,train
Puppy_Dog Barking-SoundBible_uid-130qr7,train
Puppy_Dog Barking-SoundBible_uid-2xlf8k,train
Puppy_Dog Barking-SoundBible_uid-5q8j8z,train
Puppy_Dog Barking-SoundBible_uid-6o7irb,train
Puppy_Dog Barking-SoundBible_uid-7qzkxg,train
Puppy_Dog Barking-SoundBible_uid-8x7knz,train
Puppy_Dog Barking-SoundBible_uid-fqrqmg,train
Puppy_Dog Barking-SoundBible_uid-h2kk2o,train
Puppy_Dog Barking-SoundBible_uid-izcqml,train
Puppy_Dog Barking-SoundBible_uid-v9bdxr,train
Puppy_Dog Barking-SoundBible_uid-zrfwba,train
Race_Car Idle-SoundBible_uid-5f9xm2,train
Race_Car Idle-SoundBible_uid-5il88u,train
Race_Car Idle-SoundBible_uid-dkehib,train
Race_Car Idle-SoundBible_uid-i7dn0k,train
Race_Car Idle-SoundBible_uid-z20zcy,train
Random_Son_Talk-SoundBible_uid-8mu830,train
Random_Son_Talk-SoundBible_uid-kqlhrz,train
Restaurant Walla Track-SoundBible_uid-19b0uq,train
Restaurant Walla Track-SoundBible_uid-qhfjn5,train
Restaurant Walla Track-SoundBible_uid-w5x690,train
Restaurant_Ambiance -SoundBible_uid-fmre0f,train
Restaurant_Ambiance -SoundBible_uid-k3gzvh,train
Restaurant_Ambiance -SoundBible_uid-lgpjkd,train
Restaurant_Ambiance -SoundBible_uid-mbsb9z,train
Scary_Scream-SoundBible_uid-yzql8f,train
School_Fire_Alarm-Cullen_Card-202875844_uid-f4uoup,train
School_Fire_Alarm-Cullen_Card-202875844_uid-gjef9e,train
School_Fire_Alarm-Cullen_Card-202875844_uid-tahodp,train
Shift_Gears-SoundBible_uid-0py99w,train
Shift_Gears-SoundBible_uid-26wbsh,train
Shift_Gears-SoundBible_uid-60h0ny,train
Shift_Gears-SoundBible_uid-658eb2,train
Shift_Gears-SoundBible_uid-82bxd2,train
Shift_Gears-SoundBible_uid-eezpvg,train
Shift_Gears-SoundBible_uid-h7kcri,train
Shift_Gears-SoundBible_uid-vosmy5,train
Ship_Bell-Mike_Koenig-1911209136_uid-bc37x2,train
Ship_Bell-Mike_Koenig-1911209136_uid-e2z0y7,train
Ship_Bell-Mike_Koenig-1911209136_uid-qdaqy8,train
Ship_Brass_Bell-Mike_Koenig-1458750630_uid-30fytv,train
Ship_Brass_Bell-Mike_Koenig-1458750630_uid-7umoka,train
Ship_Brass_Bell-Mike_Koenig-1458750630_uid-arscjl,train
Ship_Brass_Bell-Mike_Koenig-1458750630_uid-hq1ck8,train
Shopping_Mall Ambiance-SoundBible_uid-2tajd3,train
Shopping_Mall Ambiance-SoundBible_uid-eyfu5u,train
Shopping_Mall Ambiance-SoundBible_uid-fa5yaq,train
Shopping_Mall Ambiance-SoundBible_uid-qmgbmp,train
Shopping_Mall Ambiance-SoundBible_uid-uf9pqe,train
Siren_SoundBible_uid-7gohee,train
Siren_SoundBible_uid-8a8erq,train
Siren_SoundBible_uid-c9divg,train
Siren_SoundBible_uid-evjc8u,train
Siren_SoundBible_uid-j46u1a,train
Siren_SoundBible_uid-q0gjbt,train
Siren_SoundBible_uid-v7fsfu,train
Slam_Fork_Down-SoundBible_uid-ns5cz1,train
Sleigh_Bells_Ringing-SoundBible_uid-5lk6yl,train
Sleigh_Bells_Ringing-SoundBible_uid-aaawbg,train
Sleigh_Bells_Ringing-SoundBible_uid-bfqkvg,train
Sleigh_Bells_Ringing-SoundBible_uid-g3upfg,train
Sleigh_Bells_Ringing-SoundBible_uid-i52bxo,train
Sleigh_Bells_Ringing-SoundBible_uid-l8tbqi,train
Sleigh_Bells_Ringing-SoundBible_uid-ovw0qg,train
Sleigh_Bells_Ringing-SoundBible_uid-qktlev,train
Sleigh_Bells_Ringing-SoundBible_uid-r04irn,train
Sleigh_Bells_Ringing-SoundBible_uid-rgog25,train
Sleigh_Bells_Ringing-SoundBible_uid-xjtewi,train
Soldiers_Marching-SoundBible_uid-0eax5q,train
Soldiers_Marching-SoundBible_uid-4m3auc,train
Soldiers_Marching-SoundBible_uid-5xkxw1,train
Soldiers_Marching-SoundBible_uid-8k67jd,train
Soldiers_Marching-SoundBible_uid-bqrx9i,train
Soldiers_Marching-SoundBible_uid-h3weqb,train
Soldiers_Marching-SoundBible_uid-m3vjjg,train
Soldiers_Marching-SoundBible_uid-opjr6u,train
Soldiers_Marching-SoundBible_uid-pwkjgw,train
Soldiers_Marching-SoundBible_uid-qjhu5w,train
Soldiers_Marching-SoundBible_uid-qrqs0t,train
Soldiers_Marching-SoundBible_uid-t5bgmq,train
Soldiers_Marching-SoundBible_uid-w44qsg,train
Sports_Bar Patrons Loud-SoundBible_uid-6p2s3s,train
Sports_Bar Patrons Loud-SoundBible_uid-911pcl,train
Steam_Engine-John-1826274710_uid-1hznao,train
Steam_Engine-John-1826274710_uid-9qykmv,train
Steam_Engine-John-1826274710_uid-o2z5o3,train
Steam_Engine-John-1826274710_uid-pe5dcl,train
Steam_Engine-John-1826274710_uid-ys8boz,train
Swimming_Pool Ambiance-SoundBible_uid-7sg0cz,train
Swimming_Pool Ambiance-SoundBible_uid-qgl4q6,train
Swimming_Pool Ambiance-SoundBible_uid-s4lq2v,train
Swimming_Pool Ambiance-SoundBible_uid-thd1td,train
Swimming_Pool Ambiance-SoundBible_uid-veffax,train
Temple_Bell Huge-SoundBible_uid-plrytw,train
Temple_Bell Huge-SoundBible_uid-torzt8,train
Temple_Bell Huge-SoundBible_uid-vwd9pv,train
Temple_Bell_SoundBible_uid-lnyqkj,train
Temple_Bell_SoundBible_uid-zeibnp,train
Ting_Popup_Pixels-349896185_uid-zubyh5,train
Tornado_Siren_II-Delilah-747233690_uid-3pzksl,train
Tornado_Siren_II-Delilah-747233690_uid-9imkus,train
Tornado_Siren_II-Delilah-747233690_uid-yu5cjs,train
Tornado_Siren_SoundBible_uid-6dnh9z,train
Tornado_Siren_SoundBible_uid-a80mf0,train
Tornado_Siren_SoundBible_uid-bf9wu7,train
Tornado_Siren_SoundBible_uid-m79scl,train
Tornado_Siren_SoundBible_uid-skz6k0,train
Two_Tone_Doorbell-SoundBible_uid-fcvwc3,train
Two_Tone_Doorbell-SoundBible_uid-j06pgn,train
Two_Tone_Doorbell-SoundBible_uid-qb31if,train
Walking-SoundBible_uid-5x1rlw,train
Walking-SoundBible_uid-62j3do,train
Walking-SoundBible_uid-jzho8s,train
Walking-SoundBible_uid-s5fn6f,train
Walking-SoundBible_uid-t2jbe2,train
Walking-SoundBible_uid-vk5lgr,train
Walking_Away-SoundBible_uid-4k4a4k,train
Walking_Away-SoundBible_uid-xmyrab,train
Walking_In_Snow-SoundBible_uid-2l1rzt,train
Walking_In_Snow-SoundBible_uid-41xzm1,train
Walking_In_Snow-SoundBible_uid-heh8am,train
Walking_In_Snow-SoundBible_uid-hoifci,train
Walking_In_Snow-SoundBible_uid-qt9lwg,train
Walking_On_Gravel-SoundBible_uid-7ajmna,train
Walking_On_Gravel-SoundBible_uid-7duozg,train
Walking_On_Gravel-SoundBible_uid-eqtihd,train
Walking_On_Gravel-SoundBible_uid-fi611q,train
Walking_On_Gravel-SoundBible_uid-jhzvu7,train
Walking_On_Gravel-SoundBible_uid-m6gl7j,train
Walking_On_Gravel-SoundBible_uid-mjwkl5,train
Walking_On_Gravel-SoundBible_uid-n3401t,train
Walking_On_Gravel-SoundBible_uid-n611en,train
Walking_On_Gravel-SoundBible_uid-nig1hm,train
Walking_On_Gravel-SoundBible_uid-w2j0aq,train
Walking_On_Gravel_Bed-SoundBible_uid-5ihbve,train
Walking_On_Gravel_Bed-SoundBible_uid-bf5jts,train
Walking_On_Gravel_Bed-SoundBible_uid-kbu30i,train
Walking_On_Gravel_Bed-SoundBible_uid-rtx99m,train
Warning_Siren-SoundBible_uid-2u4g3n,train
Warning_Siren-SoundBible_uid-6grhp2,train
Warning_Siren-SoundBible_uid-dftrca,train
Warning_Siren-SoundBible_uid-fozzqu,train
Warning_Siren-SoundBible_uid-hoaz92,train
Winston_Churchill Nazi Speech-SoundBible_uid-0cmuel,train
Winston_Churchill Nazi Speech-SoundBible_uid-2unyd8,train
Winston_Churchill Nazi Speech-SoundBible_uid-5pcc4v,train
Winston_Churchill Nazi Speech-SoundBible_uid-761zdn,train
Winston_Churchill Nazi Speech-SoundBible_uid-al7l64,train
Winston_Churchill Nazi Speech-SoundBible_uid-bxnadm,train
Winston_Churchill Nazi Speech-SoundBible_uid-dmwah1,train
Winston_Churchill Nazi Speech-SoundBible_uid-eqo07l,train
Winston_Churchill Nazi Speech-SoundBible_uid-g4x51s,train
Winston_Churchill Nazi Speech-SoundBible_uid-iy3w2f,train
Winston_Churchill Nazi Speech-SoundBible_uid-jp39dv,train
Winston_Churchill Nazi Speech-SoundBible_uid-kltsbd,train
Winston_Churchill Nazi Speech-SoundBible_uid-lbzijr,train
Winston_Churchill Nazi Speech-SoundBible_uid-pad9ga,train
Winston_Churchill Nazi Speech-SoundBible_uid-rtjtl9,train
Winston_Churchill Nazi Speech-SoundBible_uid-tt9xln,train
Winston_Churchill Nazi Speech-SoundBible_uid-uo32ie,train
Winston_Churchill Nazi Speech-SoundBible_uid-y5y8mt,train
Woman_Screaming 2-SoundBible_uid-c9acqz,train
Woman_Screaming 2-SoundBible_uid-fn45oh,train
ambience_casino-stephan_schutze-1391090820_uid-2huic7,train
ambience_casino-stephan_schutze-1391090820_uid-4y7nb9,train
ambience_casino-stephan_schutze-1391090820_uid-aikc3w,train
ambience_casino-stephan_schutze-1391090820_uid-rn7474,train
ambience_casino-stephan_schutze-1391090820_uid-x606pf,train
ambience_casino-stephan_schutze-1391090820_uid-x9mttt,train
ambience_casino-stephan_schutze-1391090820_uid-yc1rl4,train
church_chime-daniel_simon (1)_uid-09rb5t,train
church_chime-daniel_simon (1)_uid-9r03mn,train
church_chime-daniel_simon (1)_uid-mzomav,train
church_chime-daniel_simon (1)_uid-scdnqq,train
church_chime-daniel_simon (1)_uid-us7n97,train
church_chime-daniel_simon (1)_uid-vj35r6,train
church_chime-daniel_simon (1)_uid-y1lc3a,train
church_chime-daniel_simon (1)_uid-zsrdac,train
church_chime-daniel_simon_uid-bbyw01,train
church_chime-daniel_simon_uid-dp5ksw,train
church_chime-daniel_simon_uid-j64p72,train
church_chime-daniel_simon_uid-sxzijw,train
church_chime-daniel_simon_uid-wpdtaf,train
doberman_pincher_daniel-simion (1)_uid-9cj8a1,train
doberman_pincher_daniel-simion (1)_uid-ugwrn3,train
doberman_pincher_daniel-simion_uid-348sts,train
doberman_pincher_daniel-simion_uid-4gutjw,train
doberman_pincher_daniel-simion_uid-ct6peh,train
doberman_pincher_daniel-simion_uid-db2xc6,train
doberman_pincher_daniel-simion_uid-m6nbjk,train
doberman_pincher_daniel-simion_uid-rd25w7,train
doberman_pincher_daniel-simion_uid-wbtgcd,train
front_desk_bells-daniel_simon (1)_uid-w4bybb,train
front_desk_bells-daniel_simon_uid-j1ij5v,train
front_desk_bells-daniel_simon_uid-wr4ti3,train
german_shephard-daniel_simon (1)_uid-3k0gm6,train
german_shephard-daniel_simon (1)_uid-6ujt5j,train
german_shephard-daniel_simon (1)_uid-9z02eo,train
german_shephard-daniel_simon (1)_uid-cohtrk,train
german_shephard-daniel_simon (1)_uid-erwt6n,train
german_shephard-daniel_simon (1)_uid-glt0t9,train
german_shephard-daniel_simon (1)_uid-j5hf6d,train
german_shephard-daniel_simon (1)_uid-l7q44i,train
german_shephard-daniel_simon (1)_uid-rakjbq,train
german_shephard-daniel_simon (1)_uid-slfadc,train
german_shephard-daniel_simon (1)_uid-x57o4h,train
german_shephard-daniel_simon_uid-2radr4,train
german_shephard-daniel_simon_uid-35by3o,train
german_shephard-daniel_simon_uid-9entpt,train
german_shephard-daniel_simon_uid-dh4s20,train
german_shephard-daniel_simon_uid-f5b9hf,train
german_shephard-daniel_simon_uid-l1qc1k,train
german_shephard-daniel_simon_uid-m5ql7t,train
german_shephard-daniel_simon_uid-pvf0s7,train
german_shephard-daniel_simon_uid-ug65v7,train
german_shephard-daniel_simon_uid-v3o4ha,train
hard_shoes_1-daniel_simon_uid-10x4hj,train
hard_shoes_1-daniel_simon_uid-63zrp9,train
hard_shoes_1-daniel_simon_uid-fnvbmk,train
hard_shoes_1-daniel_simon_uid-lqfqp3,train
hard_shoes_1-daniel_simon_uid-v2ufy8,train
harley_davidson-daniel_simon_uid-5tbvav,train
harley_davidson-daniel_simon_uid-rrapxf,train
harley_davidson-daniel_simon_uid-u50bl2,train
harley_davidson-daniel_simon_uid-z10dl0,train
labrador_barking-daniel_simon_uid-22rq8x,train
labrador_barking-daniel_simon_uid-3pf568,train
labrador_barking-daniel_simon_uid-5ubsj5,train
labrador_barking-daniel_simon_uid-cpx5m6,train
labrador_barking-daniel_simon_uid-cvf4k1,train
labrador_barking-daniel_simon_uid-ejrzab,train
labrador_barking-daniel_simon_uid-g9g79x,train
labrador_barking-daniel_simon_uid-go8h0o,train
labrador_barking-daniel_simon_uid-j0e09a,train
labrador_barking-daniel_simon_uid-lejrc1,train
labrador_barking-daniel_simon_uid-mdlh3t,train
labrador_barking-daniel_simon_uid-mrurpr,train
labrador_barking-daniel_simon_uid-p1nd4y,train
labrador_barking-daniel_simon_uid-px7218,train
labrador_barking-daniel_simon_uid-tvn2nw,train
muscle_car-daniel_simon (1)_uid-2xug3x,train
muscle_car-daniel_simon (1)_uid-5hcw2i,train
muscle_car-daniel_simon (1)_uid-hvisfn,train
muscle_car-daniel_simon (1)_uid-jfy71h,train
muscle_car-daniel_simon (1)_uid-onh7ao,train
muscle_car-daniel_simon_uid-cplmio,train
muscle_car-daniel_simon_uid-jpcsdl,train
old_car-engine_daniel_simion_uid-234dke,train
old_car-engine_daniel_simion_uid-2lzarp,train
old_car-engine_daniel_simion_uid-2yxmfv,train
old_car-engine_daniel_simion_uid-5xyl64,train
old_car-engine_daniel_simion_uid-68gbna,train
old_car-engine_daniel_simion_uid-8mfyeb,train
old_car-engine_daniel_simion_uid-9xmt28,train
old_car-engine_daniel_simion_uid-ep1lus,train
old_car-engine_daniel_simion_uid-k3nphi,train
old_car-engine_daniel_simion_uid-mraruj,train
old_car-engine_daniel_simion_uid-rgmb57,train
old_fashioned-door-bell-daniel_simon_uid-1bqwmt,train
old_fashioned-door-bell-daniel_simon_uid-3zwbmp,train
old_fashioned-door-bell-daniel_simon_uid-78ipsp,train
old_fashioned-door-bell-daniel_simon_uid-8q7aiq,train
old_fashioned-door-bell-daniel_simon_uid-fj2u4d,train
old_fashioned-door-bell-daniel_simon_uid-h7we48,train
party_crowd-daniel_simon_uid-84vohn,train
party_crowd-daniel_simon_uid-8a80c1,train
party_crowd-daniel_simon_uid-8pwj7x,train
party_crowd-daniel_simon_uid-gld5ul,train
party_crowd-daniel_simon_uid-octm7p,train
party_crowd-daniel_simon_uid-vroqkp,train
party_crowd-daniel_simon_uid-whd4fj,train
party_crowd-daniel_simon_uid-zjmqhj,train
railroad_crossing_bell-Brylon_Terry-1551570865 (1)_uid-55is8o,train
railroad_crossing_bell-Brylon_Terry-1551570865 (1)_uid-6mnkqh,train
railroad_crossing_bell-Brylon_Terry-1551570865 (1)_uid-8u71xp,train
railroad_crossing_bell-Brylon_Terry-1551570865 (1)_uid-9vd0kq,train
railroad_crossing_bell-Brylon_Terry-1551570865 (1)_uid-gvtn9w,train
railroad_crossing_bell-Brylon_Terry-1551570865 (1)_uid-vxl8al,train
railroad_crossing_bell-Brylon_Terry-1551570865 (1)_uid-waev1t,train
railroad_crossing_bell-Brylon_Terry-1551570865 (1)_uid-ylhj37,train
railroad_crossing_bell-Brylon_Terry-1551570865 (1)_uid-zyz59r,train
railroad_crossing_bell-Brylon_Terry-1551570865_uid-ejhzbl,train
railroad_crossing_bell-Brylon_Terry-1551570865_uid-fh94qe,train
railroad_crossing_bell-Brylon_Terry-1551570865_uid-fk1zwm,train
railroad_crossing_bell-Brylon_Terry-1551570865_uid-nbm67d,train
railroad_crossing_bell-Brylon_Terry-1551570865_uid-po2yqk,train
railroad_crossing_bell-Brylon_Terry-1551570865_uid-qprwom,train
railroad_crossing_bell-Brylon_Terry-1551570865_uid-zbky8w,train
service_bell_daniel_simion_uid-ehss0n,train
service_bell_daniel_simion_uid-h9isqd,train
tolling_bell_daniel-simion_uid-cyg1sz,train
tolling_bell_daniel-simion_uid-cz4xcj,train
tolling_bell_daniel-simion_uid-kg3lrg,train
241008_1_uid-7r8oyd,train
241008_1_uid-p6k7wr,train
241008_1_uid-ra5198,train
241008_1_uid-zovpsu,train
241008_2_uid-331dfo,train
241008_2_uid-dledq0,train
241008_2_uid-ejh1ap,train
241008_2_uid-f6h7px,train
241008_2_uid-kaqlxl,train
241008_2_uid-o7vvp1,train
241008_2_uid-wghgor,train
241008_2_uid-wjf89e,train
241008_3_uid-afyn4k,train
241008_3_uid-m9dvbh,train
241008_3_uid-zc02dx,train
241008_3_uid-zqkvz9,train
241008_4_uid-iduyop,train
241008_4_uid-kbqt2u,train
241008_5_uid-6m7hx7,train
241008_5_uid-7gy4zv,train
241008_5_uid-7x5eu8,train
241008_5_uid-9l12wc,train
241008_5_uid-ckpza0,train
241008_5_uid-des5jl,train
241008_5_uid-df8qgo,train
241008_5_uid-fruyxo,train
241008_5_uid-fw3wx7,train
241008_5_uid-fz4oft,train
241008_5_uid-ji4us0,train
241008_5_uid-kx4ygx,train
241008_5_uid-s8t01x,train
241008_6_uid-dg4gmo,train
241008_6_uid-k8dozh,train
241009_4_uid-8746g7,train
241009_4_uid-gkeca3,train
241009_4_uid-lzigii,train
241009_4_uid-mzy7d3,train
241009_4_uid-rla4g1,train
241009_4_uid-xd8zoi,train
241009_5_uid-37ncoi,train
241009_5_uid-av44qa,train
241009_5_uid-laqm0d,train
241009_5_uid-r0hvdd,train
241009_5_uid-s48zke,train
output1_uid-q4b1fl,train
337242__adrilahan__distant-three-round-burst_uid-6au8kr,val
350264__randomx45__gunshot_uid-k88htu,val
370304__morganpurkis__single-gunshot-2_uid-b0dd83,val
384689__dobroide__20170318gunshotparadiso_uid-49aegw,val
384689__dobroide__20170318gunshotparadiso_uid-kwsehz,val
384689__dobroide__20170318gunshotparadiso_uid-pjl13d,val
385811__morganpurkis__single-pistol-gunshot-3_uid-ndpa6x,val
391847__morganpurkis__single-gunshot-54_uid-ihrkae,val
402791__acidsnowflake__ak47-and-various-other-gunshots-at-indoor-shooting-range_uid-garl1l,val
405132__fstagi__gunshots_uid-xcyi0z,val
518181__bolkmar__fx-gunshot_uid-86m5v6,val
518181__bolkmar__fx-gunshot_uid-r0n83p,val
519623__nathanchurchyard__gunshots_uid-221io5,val
519623__nathanchurchyard__gunshots_uid-68l6r4,val
519623__nathanchurchyard__gunshots_uid-dx8n5j,val
683312__pnmcarrierailfan__pistol-gunshot-mix-weapons_uid-ouj634,val
Amusement_Park Ambiance -SoundBible_uid-2t9w3e,val
Amusement_Park Ambiance -SoundBible_uid-l24o63,val
Amusement_Park Ambiance -SoundBible_uid-xga4ah,val
Background_Noise-SoundBible_uid-grm3tj,val
Background_Noise-SoundBible_uid-m7qaag,val
Bi_Polar_Uncle-ScanMan-1810098860_uid-acr1ir,val
Bi_Polar_Uncle-ScanMan-1810098860_uid-b8uks2,val
Bi_Polar_Uncle-ScanMan-1810098860_uid-o3irva,val
City_Ambiance-SoundBible_uid-5xpbpm,val
City_Ambiance-SoundBible_uid-tjysm2,val
Classroom_Ambiance-SoundBible_uid-1yjnrb,val
Classroom_Ambiance-SoundBible_uid-3ajatf,val
Classroom_Ambiance-SoundBible_uid-612bhd,val
Classroom_Ambiance-SoundBible_uid-xdl758,val
Close_Vault_Or_Jail_Door-SoundBible_uid-ioohwy,val
Dog_Barking-SoundBible_uid-3uyzqt,val
Dogs_Barking-SoundBible_uid-2ug0pz,val
Dogs_Barking-SoundBible_uid-360xo6,val
Dogs_Barking-SoundBible_uid-dyx0yh,val
Dogs_Barking-SoundBible_uid-juqhjz,val
Dogs_Barking-SoundBible_uid-jwxi8x,val
Dogs_Barking-SoundBible_uid-og7e1q,val
Dogs_Barking-SoundBible_uid-xh8zjx,val
Doorbell-SoundBible_uid-82zlon,val
End_of_Game-Mike_Koenig-617089079_uid-tow618,val
Engine_Inside_Car-SoundBible_uid-7ugvm0,val
Engine_Inside_Car-SoundBible_uid-kphaeb,val
Fast_Heel_Walk-Kyanna_Johnson-1646343608_uid-9pwmgu,val
Female_Scream-SoundBible_uid-o7148x,val
Japanese_Temple Bell Small-SoundBible_uid-3fhudh,val
Large_Door_Slam-SoundBible_uid-jt0rph,val
Large_Door_Slam-SoundBible_uid-vtytt2,val
Little_Girl_Talking-Mike_Koenig-782373463_uid-j15zel,val
Little_Girl_Talking-Mike_Koenig-782373463_uid-zkco2a,val
Mother_In_Law-SoundBible_uid-ldj5n1,val
Mother_In_Law-SoundBible_uid-r2q9l6,val
Motorcycle_Engine-SoundBible_uid-532kor,val
Motorcycle_Engine-SoundBible_uid-nj61gd,val
Old_Door_Creaking-SoundBible_uid-0cxhr5,val
Old_Door_Creaking-SoundBible_uid-e16ryq,val
Old_Door_Creaking-SoundBible_uid-f2vs74,val
Old_Door_Creaking-SoundBible_uid-ltu6v6,val
Old_Door_Creaking-SoundBible_uid-ugdlcw,val
People_Screaming-SoundBible_uid-3uupv3,val
Police_Siren-SoundBible_uid-5des6p,val
Psycho_Scream-SoundBible_uid-4qhwlo,val
Public_Transit_Bus-SoundBible_uid-3i5t22,val
Public_Transit_Bus-SoundBible_uid-8f576m,val
Public_Transit_Bus-SoundBible_uid-mysutj,val
Puppy_Dog Barking-SoundBible_uid-0qy0mv,val
Puppy_Dog Barking-SoundBible_uid-hwenxp,val
Race_Car Idle-SoundBible_uid-bjwy2y,val
Random_Son_Talk-SoundBible_uid-1ym4hc,val
Random_Son_Talk-SoundBible_uid-zdgyqp,val
Restaurant Walla Track-SoundBible_uid-e11kg8,val
Restaurant Walla Track-SoundBible_uid-kjeqfn,val
Restaurant Walla Track-SoundBible_uid-rk74im,val
Restaurant_Ambiance -SoundBible_uid-bdjnou,val
Scary_Scream-SoundBible_uid-wvjpdl,val
School_Fire_Alarm-Cullen_Card-202875844_uid-d7y47w,val
School_Fire_Alarm-Cullen_Card-202875844_uid-rfkm7v,val
Shift_Gears-SoundBible_uid-i8bv3a,val
Ship_Brass_Bell-Mike_Koenig-1458750630_uid-l1olrt,val
Ship_Brass_Bell-Mike_Koenig-1458750630_uid-pkj31k,val
Shopping_Mall Ambiance-SoundBible_uid-uejo76,val
Siren_SoundBible_uid-6dwgja,val
Slam_Fork_Down-SoundBible_uid-avr992,val
Sleigh_Bells_Ringing-SoundBible_uid-abi0jn,val
Soldiers_Marching-SoundBible_uid-12z64t,val
Soldiers_Marching-SoundBible_uid-lzd3fh,val
Soldiers_Marching-SoundBible_uid-rzmitu,val
Sports_Bar Patrons Loud-SoundBible_uid-0qx8ca,val
Steam_Engine-John-1826274710_uid-9hoh52,val
Temple_Bell_SoundBible_uid-86lbp7,val
Ting_Popup_Pixels-349896185_uid-gndmnx,val
Tornado_Siren_II-Delilah-747233690_uid-k23l64,val
Tornado_Siren_SoundBible_uid-g7d17q,val
Walking-SoundBible_uid-1zy41w,val
Walking-SoundBible_uid-jon8e1,val
Walking_Away-SoundBible_uid-42umdt,val
Walking_Away-SoundBible_uid-jy6tib,val
Walking_In_Snow-SoundBible_uid-21gueq,val
Walking_On_Gravel-SoundBible_uid-d8gtuv,val
Winston_Churchill Nazi Speech-SoundBible_uid-er6dw9,val
Winston_Churchill Nazi Speech-SoundBible_uid-no7qj6,val
Winston_Churchill Nazi Speech-SoundBible_uid-o4v9k7,val
Winston_Churchill Nazi Speech-SoundBible_uid-rwukdv,val
Winston_Churchill Nazi Speech-SoundBible_uid-y0ded0,val
Woman_Screaming 2-SoundBible_uid-topncu,val
ambience_casino-stephan_schutze-1391090820_uid-5nmnl0,val
church_chime-daniel_simon (1)_uid-l2d890,val
doberman_pincher_daniel-simion (1)_uid-bpb79l,val
doberman_pincher_daniel-simion_uid-s3o71k,val
german_shephard-daniel_simon (1)_uid-v1bq42,val
german_shephard-daniel_simon_uid-6ciyoq,val
german_shephard-daniel_simon_uid-dcly7h,val
hard_shoes_1-daniel_simon_uid-5m2o95,val
hard_shoes_1-daniel_simon_uid-xib2zr,val
harley_davidson-daniel_simon_uid-3gnkx0,val
labrador_barking-daniel_simon_uid-9llf9n,val
labrador_barking-daniel_simon_uid-gakl2j,val
labrador_barking-daniel_simon_uid-glq00f,val
labrador_barking-daniel_simon_uid-rzhtt2,val
muscle_car-daniel_simon (1)_uid-aqjdz8,val
muscle_car-daniel_simon (1)_uid-vli16l,val
muscle_car-daniel_simon_uid-cnf4ve,val
old_car-engine_daniel_simion_uid-hhzuzk,val
railroad_crossing_bell-Brylon_Terry-1551570865 (1)_uid-grcip2,val
railroad_crossing_bell-Brylon_Terry-1551570865 (1)_uid-n15yft,val
railroad_crossing_bell-Brylon_Terry-1551570865_uid-iun6ns,val
241008_1_uid-qnzl7l,val
241008_2_uid-4eh60n,val
241008_3_uid-07zosk,val
241008_3_uid-ejl586,val
241008_3_uid-qd641c,val
241008_5_uid-3jf45b,val
241009_4_uid-7trnsb,val
