arm,regime,variant,scope,acc,prec,rec,f1,mcc,mcc_std
1 jitter,float32,clean,full,0.985480093676815,0.8943477552578786,0.9238095238095237,0.9015516023895007,0.8980994208237786,0.04183785564255756
1 jitter,float32,clean,test,0.9859649122807016,0.9703296703296703,0.8461538461538463,0.8875237666816613,0.8915205258628001,0.11688452034263007
1 jitter,float32,noise_snr10db,full,0.8635128805620609,0.2989674639759335,0.5879365079365079,0.38285296308509886,0.34854910120820115,0.14369523478968946
1 jitter,float32,noise_snr10db,test,0.8835087719298245,0.361947166993289,0.6553846153846153,0.45181717154305917,0.42511110223685855,0.10573234060185228
1 jitter,float32,noise_snr20db,full,0.9214988290398126,0.508978637168823,0.8780952380952382,0.6296871707096243,0.6270382451007647,0.09001947849879369
1 jitter,float32,noise_snr20db,test,0.9319298245614036,0.5607544434208049,0.8492307692307693,0.6529829437747058,0.6482216222703774,0.0734423655577371
1 jitter,float32,noise_snr30db,full,0.9780327868852459,0.8158459916717483,0.9403174603174602,0.8649246697872619,0.8608278676038781,0.0530173326172764
1 jitter,float32,noise_snr30db,test,0.9815204678362573,0.8866499336576736,0.8984615384615384,0.8689550456601274,0.8723943345760765,0.10600555457722806
1 jitter,float32,noise_snr5db,full,0.8541451990632318,0.17783195035225557,0.31746031746031744,0.21781319193636853,0.15857741984934864,0.17967530324389278
1 jitter,float32,noise_snr5db,test,0.8732163742690058,0.2284054825173612,0.33230769230769225,0.257013410208274,0.20349404654483266,0.17634716801637804
1 jitter,int8,clean,full,0.9704918032786886,0.7416395032611451,0.9841269841269841,0.8390232952930795,0.8374763939516946,0.07184964787992242
1 jitter,int8,clean,test,0.9789473684210526,0.8367257742257742,0.953846153846154,0.8822749357921772,0.8787725072723543,0.07270787625065955
1 jitter,int8,noise_snr10db,full,0.8433723653395785,0.26262393500988046,0.646984126984127,0.3715111321697981,0.3415558135838239,0.12451852085242893
1 jitter,int8,noise_snr10db,test,0.8645614035087719,0.32348931525631536,0.7323076923076922,0.44585245917182603,0.42560202190162216,0.07903510654689763
1 jitter,int8,noise_snr20db,full,0.9037470725995317,0.4301557920563869,0.92,0.5854212730933245,0.5896585343163689,0.07164304649467734
1 jitter,int8,noise_snr20db,test,0.9176608187134502,0.48126845356320613,0.9476923076923077,0.6375327802660997,0.6409785202950132,0.0770133032874918
1 jitter,int8,noise_snr30db,full,0.9511943793911007,0.6301743380468593,0.9796825396825397,0.7597782806132729,0.7610982895952,0.09846509364443685
1 jitter,int8,noise_snr30db,test,0.9604678362573099,0.6898801058421197,0.9938461538461538,0.8057197553167447,0.8065070110311193,0.10076656002394203
1 jitter,int8,noise_snr5db,full,0.8356908665105387,0.1660987603767644,0.3663492063492063,0.22432275150332653,0.16330793077154498,0.17456593204875473
1 jitter,int8,noise_snr5db,test,0.8530994152046784,0.20705918016787095,0.39692307692307693,0.265705107415934,0.2097242043933197,0.15985192912771476
2 jitter+wf,float32,clean,full,0.9608899297423887,0.7526573017266608,0.9714285714285714,0.8216849135919978,0.8257644384983837,0.15407338741627372
2 jitter+wf,float32,clean,test,0.9578947368421052,0.7504954304954304,0.9538461538461539,0.8101894918173987,0.8138049144112446,0.15550467577843924
2 jitter+wf,float32,noise_snr10db,full,0.9472599531615926,0.7123663383090638,0.9809523809523809,0.7902882700052207,0.7979191302515599,0.18655610457983168
2 jitter+wf,float32,noise_snr10db,test,0.9459649122807018,0.715408266991284,0.9692307692307692,0.7857901895020436,0.7928737741100284,0.18059934741557582
2 jitter+wf,float32,noise_snr20db,full,0.957096018735363,0.750859054766209,0.9657142857142857,0.8124297312522524,0.8180994306738402,0.16587056045024326
2 jitter+wf,float32,noise_snr20db,test,0.9571929824561403,0.7750096697682904,0.9292307692307692,0.8026083698448986,0.8102055003902455,0.16362201050282507
2 jitter+wf,float32,noise_snr30db,full,0.9591569086651055,0.7594915091553402,0.958095238095238,0.8153767473012361,0.8204698966151962,0.15721649199647997
2 jitter+wf,float32,noise_snr30db,test,0.9567251461988303,0.767989417989418,0.9261538461538461,0.7975207134413033,0.8048474168495667,0.15669226805185477
2 jitter+wf,float32,noise_snr5db,full,0.9439344262295082,0.711488800650201,0.9714285714285714,0.7842577584434998,0.7908585548787073,0.20707886750468513
2 jitter+wf,float32,noise_snr5db,test,0.9445614035087719,0.7222674874145463,0.9784615384615385,0.7929590463460944,0.8001494026970924,0.2072842980081195
2 jitter+wf,int8,clean,full,0.9377049180327869,0.590825358579774,1.0,0.7271644175105035,0.7361802966992661,0.13020336096760524
2 jitter+wf,int8,clean,test,0.9403508771929825,0.6286772486772487,1.0,0.7501673434231573,0.7583521056693727,0.15487717095532544
2 jitter+wf,int8,noise_snr10db,full,0.8814988290398127,0.39074619607352923,1.0,0.559782663043399,0.5829258134690373,0.050198074479687375
2 jitter+wf,int8,noise_snr10db,test,0.87953216374269,0.39534032845512196,1.0,0.5640600141115955,0.5853694117817768,0.05526923591472169
2 jitter+wf,int8,noise_snr20db,full,0.9121779859484778,0.4721558415191751,0.9993650793650793,0.6363208833278324,0.6515417611462487,0.07390193616932686
2 jitter+wf,int8,noise_snr20db,test,0.9162573099415203,0.49695180125395305,1.0,0.6570784669838992,0.6695745859930001,0.08679257707121944
2 jitter+wf,int8,noise_snr30db,full,0.9301639344262296,0.5526229165079131,0.9993650793650793,0.6986453298440649,0.709367895578384,0.11790928040319074
2 jitter+wf,int8,noise_snr30db,test,0.9345029239766082,0.581089020225176,1.0,0.7207970965535831,0.72920548759576,0.12450325460107191
2 jitter+wf,int8,noise_snr5db,full,0.8667915690866511,0.3646360128701254,0.994920634920635,0.5309815824722125,0.5558320264252086,0.05751368115106834
2 jitter+wf,int8,noise_snr5db,test,0.8657309941520468,0.37258233422667447,1.0,0.5393623020174476,0.5629886899814992,0.0645747038260477
3 wf-only,float32,clean,full,0.9960187353629977,0.9496323529411765,1.0,0.9739496303420089,0.9723036308472603,0.016021465851222685
3 wf-only,float32,clean,test,0.9964912280701753,0.9571428571428572,1.0,0.9777777777777777,0.976341896721744,0.019715086065213373
3 wf-only,float32,noise_snr10db,full,0.9948477751756442,0.9852404057385401,0.9453968253968253,0.9630095575920127,0.96157205889505,0.036537092657084685
3 wf-only,float32,noise_snr10db,test,0.9941520467836257,0.9885714285714287,0.9353846153846155,0.9576271702532572,0.9569932034047125,0.05703353039716309
3 wf-only,float32,noise_snr20db,full,0.9954098360655739,0.955344781657497,0.9853968253968255,0.9695364555024827,0.967543933572723,0.009565234379206528
3 wf-only,float32,noise_snr20db,test,0.9950877192982455,0.9571428571428572,0.9815384615384616,0.9680444444444443,0.9661447148709099,0.01956635697082228
3 wf-only,float32,noise_snr30db,full,0.9950819672131148,0.9398473023362992,0.9980952380952381,0.9678644920876244,0.9658525693307171,0.013069024221462548
3 wf-only,float32,noise_snr30db,test,0.9957894736842104,0.9485714285714286,1.0,0.9733333333333332,0.9716102760660928,0.018069174845281928
3 wf-only,float32,noise_snr5db,full,0.9907728337236534,0.9956141488439876,0.8793650793650793,0.9273163703514555,0.9281572398577211,0.08152355790889838
3 wf-only,float32,noise_snr5db,test,0.9880701754385964,0.9971428571428571,0.8461538461538461,0.9045407876300325,0.9077957652595514,0.10662647369808027
3 wf-only,int8,clean,full,0.9948477751756439,0.9353660485933504,1.0,0.966433524400706,0.9643781864890921,0.014176167634975182
3 wf-only,int8,clean,test,0.9953216374269005,0.942857142857143,1.0,0.9703703703703702,0.9684558622956585,0.01609730036494259
3 wf-only,int8,noise_snr10db,full,0.9950819672131148,0.9841088664958606,0.9498412698412697,0.9649543940931408,0.9634767159763378,0.03365645826507033
3 wf-only,int8,noise_snr10db,test,0.9955555555555555,0.9885714285714287,0.9538461538461539,0.9680619528619527,0.9674853436299142,0.05142783920201741
3 wf-only,int8,noise_snr20db,full,0.9955503512880562,0.952391530011345,0.9904761904761905,0.9706007598476134,0.9686830212814874,0.011319331331048331
3 wf-only,int8,noise_snr20db,test,0.9950877192982455,0.9542857142857143,0.9846153846153847,0.9681629629629629,0.9662577931271885,0.019523900446792655
3 wf-only,int8,noise_snr30db,full,0.9950351288056205,0.9387327259848303,0.9987301587301587,0.9675877552735542,0.9655720288794667,0.013547922844731409
3 wf-only,int8,noise_snr30db,test,0.9957894736842104,0.9485714285714286,1.0,0.9733333333333332,0.9716102760660928,0.018069174845281928
3 wf-only,int8,noise_snr5db,full,0.9906791569086651,0.9956141488439876,0.8780952380952382,0.9266584715227049,0.9274614518776807,0.08105613585250507
3 wf-only,int8,noise_snr5db,test,0.9885380116959064,0.9971428571428571,0.8523076923076924,0.9083294569317453,0.9114268967078202,0.10588773302817923
