mode,variant,split,recording_id,class_id,score,pred
PC float32,noise_snr0db,test,0003_0397s_shot_019_ch1,1,1.0,1
PC float32,noise_snr0db,test,0005_0580s_shot_006_ch1,1,1.0,1
PC float32,noise_snr0db,test,0005_0607s_shot_150_ch1,1,0.9999908208847046,1
PC float32,noise_snr0db,test,0005_0631s_shot_173_ch1,1,0.9999997615814209,1
PC float32,noise_snr0db,test,0005_0632s_shot_176_ch1,1,0.9999975562095642,1
PC float32,noise_snr0db,test,0005_0662s_shot_201_ch1,1,1.0,1
PC float32,noise_snr0db,test,0005_0685s_shot_220_ch1,1,0.9999894499778748,1
PC float32,noise_snr0db,test,0005_0700s_shot_037_ch1,1,1.0,1
PC float32,noise_snr0db,test,0011_0226s_shot_011_ch1,1,0.08502737432718277,0
PC float32,noise_snr0db,test,0011_0333s_shot_018_ch1,1,0.8974484801292419,1
PC float32,noise_snr0db,test,171236__alukahn__gunshot2_uid-fcn21d,0,0.0,0
PC float32,noise_snr0db,test,371041__morganpurkis__single-gunshot-3_uid-1k053k,0,2.0615696466593312e-25,0
PC float32,noise_snr0db,test,384687__morganpurkis__single-gunshot-42_uid-u9d6r1,0,1.3522442714186678e-11,0
PC float32,noise_snr0db,test,384689__dobroide__20170318gunshotparadiso_uid-kwsehz,0,0.0,0
PC float32,noise_snr0db,test,384689__dobroide__20170318gunshotparadiso_uid-pjl13d,0,0.0,0
PC float32,noise_snr0db,test,402008__eardeer__gunshot__high_3_uid-4j4q67,0,0.0,0
PC float32,noise_snr0db,test,402791__acidsnowflake__ak47-and-various-other-gunshots-at-indoor-shooting-range_uid-6aezru,0,0.0,0
PC float32,noise_snr0db,test,402791__acidsnowflake__ak47-and-various-other-gunshots-at-indoor-shooting-range_uid-byjlki,0,0.0,0
PC float32,noise_snr0db,test,402791__acidsnowflake__ak47-and-various-other-gunshots-at-indoor-shooting-range_uid-garl1l,0,0.0,0
PC float32,noise_snr0db,test,402791__acidsnowflake__ak47-and-various-other-gunshots-at-indoor-shooting-range_uid-l3ibfo,0,0.0,0
PC float32,noise_snr0db,test,402791__acidsnowflake__ak47-and-various-other-gunshots-at-indoor-shooting-range_uid-qe3eyz,0,0.0,0
PC float32,noise_snr0db,test,405132__fstagi__gunshots_uid-xcyi0z,0,6.892274447254614e-22,0
PC float32,noise_snr0db,test,51470__smcameron__synthetic_gunshot_2_uid-vatpwv,0,1.8162221726569783e-10,0
PC float32,noise_snr0db,test,518181__bolkmar__fx-gunshot_uid-al1o0i,0,0.0,0
PC float32,noise_snr0db,test,518181__bolkmar__fx-gunshot_uid-es96l9,0,1.3056996456262127e-11,0
PC float32,noise_snr0db,test,518181__bolkmar__fx-gunshot_uid-j3vsmz,0,0.0,0
PC float32,noise_snr0db,test,519623__nathanchurchyard__gunshots_uid-kvxx3q,0,1.610527675869384e-24,0
PC float32,noise_snr0db,test,683312__pnmcarrierailfan__pistol-gunshot-mix-weapons_uid-tmmoay,0,3.5245500020491404e-18,0
PC float32,noise_snr0db,test,Amusement_Park Ambiance -SoundBible_uid-2t9w3e,0,1.2461222482879733e-21,0
PC float32,noise_snr0db,test,Amusement_Park Ambiance -SoundBible_uid-jwv6lq,0,7.440399974209505e-36,0
PC float32,noise_snr0db,test,Amusement_Park Ambiance -SoundBible_uid-l24o63,0,7.844010272047008e-14,0
PC float32,noise_snr0db,test,Background_Noise-SoundBible_uid-m7qaag,0,4.2627031298270405e-19,0
PC float32,noise_snr0db,test,Background_Noise-SoundBible_uid-mnn2bm,0,8.405094083560336e-22,0
PC float32,noise_snr0db,test,Bi_Polar_Uncle-ScanMan-1810098860_uid-b8uks2,0,0.0,0
PC float32,noise_snr0db,test,Bi_Polar_Uncle-ScanMan-1810098860_uid-evaiic,0,0.0,0
PC float32,noise_snr0db,test,Bi_Polar_Uncle-ScanMan-1810098860_uid-l7n0jt,0,0.0,0
PC float32,noise_snr0db,test,Bi_Polar_Uncle-ScanMan-1810098860_uid-omv54z,0,0.0,0
PC float32,noise_snr0db,test,Bi_Polar_Uncle-ScanMan-1810098860_uid-p90ljg,0,0.0,0
PC float32,noise_snr0db,test,Big_door_closed-Clemens_F-941522533_uid-n02it9,0,0.0,0
PC float32,noise_snr0db,test,Cellar_Door Slam Shut-SoundBible_uid-pg4dq8,0,3.8745706356796187e-38,0
PC float32,noise_snr0db,test,Citty_Traffic Ambiance-SoundBible_uid-87yimc,0,0.0,0
PC float32,noise_snr0db,test,Citty_Traffic Ambiance-SoundBible_uid-8vk0wx,0,0.0,0
PC float32,noise_snr0db,test,Citty_Traffic Ambiance-SoundBible_uid-mxbe2e,0,0.0,0
PC float32,noise_snr0db,test,Citty_Traffic Ambiance-SoundBible_uid-q0srdn,0,0.0,0
PC float32,noise_snr0db,test,City_Ambiance-SoundBible_uid-8yrqh9,0,0.0,0
PC float32,noise_snr0db,test,City_Ambiance-SoundBible_uid-t8xlgr,0,0.0,0
PC float32,noise_snr0db,test,Classroom_Ambiance-SoundBible_uid-q49pv1,0,2.014003719352786e-08,0
PC float32,noise_snr0db,test,Classroom_Ambiance-SoundBible_uid-qfbdk0,0,4.207231839602321e-17,0
PC float32,noise_snr0db,test,Classroom_Ambiance-SoundBible_uid-uu3ewb,0,9.054165195365727e-10,0
PC float32,noise_snr0db,test,Classroom_Ambiance-SoundBible_uid-xdl758,0,9.556985247627381e-08,0
PC float32,noise_snr0db,test,Close_Vault_Or_Jail_Door-SoundBible_uid-lasl2n,0,4.393291952453637e-09,0
PC float32,noise_snr0db,test,Dog_Barking-SoundBible_uid-3uyzqt,0,0.0,0
PC float32,noise_snr0db,test,Dog_Barking-SoundBible_uid-udwefz,0,0.0,0
PC float32,noise_snr0db,test,Dogs_Barking-SoundBible_uid-0ftva8,0,0.0,0
PC float32,noise_snr0db,test,Dogs_Barking-SoundBible_uid-itlawo,0,0.0,0
PC float32,noise_snr0db,test,Dogs_Barking-SoundBible_uid-k8qbi9,0,0.0,0
PC float32,noise_snr0db,test,End_of_Game-Mike_Koenig-617089079_uid-0scusn,0,0.0,0
PC float32,noise_snr0db,test,Engine_Inside_Car-SoundBible_uid-as3jed,0,6.433339194700238e-08,0
PC float32,noise_snr0db,test,Fast_Heel_Walk-Kyanna_Johnson-1646343608_uid-8u9yx0,0,0.0,0
PC float32,noise_snr0db,test,Fast_Heel_Walk-Kyanna_Johnson-1646343608_uid-9pwmgu,0,0.0,0
PC float32,noise_snr0db,test,Female_Scream_Horror-NeoPhyTe-138499973_uid-w7fb5j,0,0.0,0
PC float32,noise_snr0db,test,Footsteps_SoundBible_uid-4v6zy1,0,0.0,0
PC float32,noise_snr0db,test,Footsteps_SoundBible_uid-dg95vk,0,0.0,0
PC float32,noise_snr0db,test,Footsteps_SoundBible_uid-hnz36f,0,3.9140817434993724e-33,0
PC float32,noise_snr0db,test,Frying_Pan_Impact-SoundBible_uid-nbylf3,0,0.0,0
PC float32,noise_snr0db,test,Indian_Bell-SoundBible_uid-t0u6xu,0,2.2983630593374593e-34,0
PC float32,noise_snr0db,test,Japanese_Temple Bell Small-SoundBible_uid-3fhudh,0,0.0,0
PC float32,noise_snr0db,test,Japanese_Temple Bell Small-SoundBible_uid-8kpqn1,0,0.0,0
PC float32,noise_snr0db,test,Large_Door_Slam-SoundBible_uid-ljg1k3,0,6.286565508162312e-07,0
PC float32,noise_snr0db,test,Little_Girl_Talking-Mike_Koenig-782373463_uid-bstw5g,0,0.0,0
PC float32,noise_snr0db,test,Metal_Gong-Dianakc-109711828_uid-hlegwg,0,3.1528823996040956e-08,0
PC float32,noise_snr0db,test,Motorcycle_Engine-SoundBible_uid-bo8n5y,0,3.965753421653062e-05,0
PC float32,noise_snr0db,test,Neighborhood_Dogs Barking-SoundBible_uid-6a1kho,0,0.0,0
PC float32,noise_snr0db,test,Neighborhood_Dogs Barking-SoundBible_uid-7mwktq,0,0.0,0
PC float32,noise_snr0db,test,Neighborhood_Dogs Barking-SoundBible_uid-dwmjp4,0,0.0,0
PC float32,noise_snr0db,test,Neighborhood_Dogs Barking-SoundBible_uid-kc7h7x,0,0.0,0
PC float32,noise_snr0db,test,Neighborhood_Dogs Barking-SoundBible_uid-p7gr4b,0,0.0,0
PC float32,noise_snr0db,test,Neighborhood_Dogs Barking-SoundBible_uid-rq1qkq,0,0.0,0
PC float32,noise_snr0db,test,Obama_Speech Liar-SoundBible_uid-8mnhtv,0,0.0,0
PC float32,noise_snr0db,test,Old_Door_Creaking-SoundBible_uid-e16ryq,0,1.6143540061226626e-16,0
PC float32,noise_snr0db,test,Old_Door_Creaking-SoundBible_uid-f2vs74,0,3.1477505064297917e-12,0
PC float32,noise_snr0db,test,Old_Door_Creaking-SoundBible_uid-ozrhlo,0,1.5886358539773937e-07,0
PC float32,noise_snr0db,test,Old_Door_Creaking-SoundBible_uid-q6uf3u,0,4.75701596720143e-29,0
PC float32,noise_snr0db,test,Police Siren 3-SoundBible_uid-nytspf,0,0.0,0
PC float32,noise_snr0db,test,Police_Siren-SoundBible_uid-uyk0z0,0,0.0,0
PC float32,noise_snr0db,test,Psycho_Scream-SoundBible_uid-4qhwlo,0,0.0,0
PC float32,noise_snr0db,test,Psycho_Scream-SoundBible_uid-uococi,0,0.0,0
PC float32,noise_snr0db,test,Puppy_Dog Barking-SoundBible_uid-130qr7,0,0.0,0
PC float32,noise_snr0db,test,Puppy_Dog Barking-SoundBible_uid-zrfwba,0,0.0,0
PC float32,noise_snr0db,test,Race_Car Idle-SoundBible_uid-5il88u,0,0.0,0
PC float32,noise_snr0db,test,Race_Car Idle-SoundBible_uid-bjwy2y,0,0.0,0
PC float32,noise_snr0db,test,Race_Car Idle-SoundBible_uid-i7dn0k,0,0.0,0
PC float32,noise_snr0db,test,Restaurant Walla Track-SoundBible_uid-19b0uq,0,0.0,0
PC float32,noise_snr0db,test,Restaurant Walla Track-SoundBible_uid-e11kg8,0,0.0,0
PC float32,noise_snr0db,test,Restaurant Walla Track-SoundBible_uid-fk59q6,0,0.0,0
PC float32,noise_snr0db,test,School_Fire_Alarm-Cullen_Card-202875844_uid-rfkm7v,0,0.0,0
PC float32,noise_snr0db,test,Shift_Gears-SoundBible_uid-cvmuj8,0,0.0,0
PC float32,noise_snr0db,test,Ship_Bell-Mike_Koenig-1911209136_uid-e2z0y7,0,0.0,0
PC float32,noise_snr0db,test,Ship_Brass_Bell-Mike_Koenig-1458750630_uid-oksrz0,0,7.842841951825183e-37,0
PC float32,noise_snr0db,test,Shopping_Mall Ambiance-SoundBible_uid-fa5yaq,0,1.1973195908051913e-28,0
PC float32,noise_snr0db,test,Sleigh_Bells_Ringing-SoundBible_uid-i52bxo,0,0.0,0
PC float32,noise_snr0db,test,Sleigh_Bells_Ringing-SoundBible_uid-xjtewi,0,0.0,0
PC float32,noise_snr0db,test,Soldiers_Marching-SoundBible_uid-0eax5q,0,0.0,0
PC float32,noise_snr0db,test,Soldiers_Marching-SoundBible_uid-4m3auc,0,0.0,0
PC float32,noise_snr0db,test,Soldiers_Marching-SoundBible_uid-51ygbj,0,1.6645548724733135e-34,0
PC float32,noise_snr0db,test,Soldiers_Marching-SoundBible_uid-5xkxw1,0,0.0,0
PC float32,noise_snr0db,test,Soldiers_Marching-SoundBible_uid-bqrx9i,0,5.702571208623971e-38,0
PC float32,noise_snr0db,test,Sports_Bar Patrons Loud-SoundBible_uid-0qx8ca,0,0.0,0
PC float32,noise_snr0db,test,Steam_Engine-John-1826274710_uid-1hznao,0,2.9862155270481435e-28,0
PC float32,noise_snr0db,test,Steam_Engine-John-1826274710_uid-9qykmv,0,0.0,0
PC float32,noise_snr0db,test,Steam_Engine-John-1826274710_uid-pe5dcl,0,0.0,0
PC float32,noise_snr0db,test,Swimming_Pool Ambiance-SoundBible_uid-thd1td,0,0.0,0
PC float32,noise_snr0db,test,Temple_Bell Huge-SoundBible_uid-vwd9pv,0,1.5782899076208223e-13,0
PC float32,noise_snr0db,test,Tornado_Siren_II-Delilah-747233690_uid-9imkus,0,2.5058899154491975e-38,0
PC float32,noise_snr0db,test,Tornado_Siren_II-Delilah-747233690_uid-k23l64,0,0.0,0
PC float32,noise_snr0db,test,Tornado_Siren_II-Delilah-747233690_uid-yu5cjs,0,0.0,0
PC float32,noise_snr0db,test,Tornado_Siren_SoundBible_uid-6dnh9z,0,0.0,0
PC float32,noise_snr0db,test,Tornado_Siren_SoundBible_uid-g7d17q,0,0.0,0
PC float32,noise_snr0db,test,Walking-SoundBible_uid-62j3do,0,0.0,0
PC float32,noise_snr0db,test,Walking_In_Snow-SoundBible_uid-hoifci,0,5.2250012353214195e-28,0
PC float32,noise_snr0db,test,Walking_On_Gravel-SoundBible_uid-7duozg,0,1.0751294967083452e-15,0
PC float32,noise_snr0db,test,Walking_On_Gravel-SoundBible_uid-fi611q,0,1.8803590629001832e-10,0
PC float32,noise_snr0db,test,Walking_On_Gravel-SoundBible_uid-jhzvu7,0,0.0,0
PC float32,noise_snr0db,test,Winston_Churchill Nazi Speech-SoundBible_uid-2unyd8,0,8.201578491524525e-18,0
PC float32,noise_snr0db,test,Winston_Churchill Nazi Speech-SoundBible_uid-761zdn,0,2.7116923615420896e-13,0
PC float32,noise_snr0db,test,Winston_Churchill Nazi Speech-SoundBible_uid-g4x51s,0,0.0,0
PC float32,noise_snr0db,test,Winston_Churchill Nazi Speech-SoundBible_uid-jp39dv,0,9.341923080277719e-23,0
PC float32,noise_snr0db,test,Winston_Churchill Nazi Speech-SoundBible_uid-rwukdv,0,9.299303386814652e-21,0
PC float32,noise_snr0db,test,Woman_Screaming 2-SoundBible_uid-c9acqz,0,0.0,0
PC float32,noise_snr0db,test,church_chime-daniel_simon (1)_uid-zsrdac,0,0.0,0
PC float32,noise_snr0db,test,church_chime-daniel_simon_uid-bbyw01,0,0.0,0
PC float32,noise_snr0db,test,church_chime-daniel_simon_uid-sxzijw,0,0.0,0
PC float32,noise_snr0db,test,doberman_pincher_daniel-simion_uid-348sts,0,0.0,0
PC float32,noise_snr0db,test,doberman_pincher_daniel-simion_uid-4gutjw,0,0.0,0
PC float32,noise_snr0db,test,doberman_pincher_daniel-simion_uid-db2xc6,0,0.0,0
PC float32,noise_snr0db,test,doberman_pincher_daniel-simion_uid-m6nbjk,0,0.0,0
PC float32,noise_snr0db,test,german_shephard-daniel_simon (1)_uid-x57o4h,0,0.0,0
PC float32,noise_snr0db,test,german_shephard-daniel_simon_uid-35by3o,0,0.0,0
PC float32,noise_snr0db,test,hard_shoes_1-daniel_simon_uid-lqfqp3,0,0.0,0
PC float32,noise_snr0db,test,harley_davidson-daniel_simon_uid-3gnkx0,0,1.818803788133927e-11,0
PC float32,noise_snr0db,test,harley_davidson-daniel_simon_uid-5tbvav,0,1.5526147010395827e-17,0
PC float32,noise_snr0db,test,labrador_barking-daniel_simon_uid-cpx5m6,0,0.0,0
PC float32,noise_snr0db,test,labrador_barking-daniel_simon_uid-cvf4k1,0,0.0,0
PC float32,noise_snr0db,test,labrador_barking-daniel_simon_uid-j0e09a,0,0.0,0
PC float32,noise_snr0db,test,labrador_barking-daniel_simon_uid-mwgdoo,0,0.0,0
PC float32,noise_snr0db,test,labrador_barking-daniel_simon_uid-p1nd4y,0,0.0,0
PC float32,noise_snr0db,test,labrador_barking-daniel_simon_uid-px7218,0,0.0,0
PC float32,noise_snr0db,test,muscle_car-daniel_simon (1)_uid-hvisfn,0,1.6863065848207737e-12,0
PC float32,noise_snr0db,test,muscle_car-daniel_simon_uid-jpcsdl,0,7.395583525422629e-19,0
PC float32,noise_snr0db,test,old_car-engine_daniel_simion_uid-2lzarp,0,0.0,0
PC float32,noise_snr0db,test,old_car-engine_daniel_simion_uid-5xyl64,0,0.0,0
PC float32,noise_snr0db,test,old_car-engine_daniel_simion_uid-8mfyeb,0,0.0,0
PC float32,noise_snr0db,test,old_car-engine_daniel_simion_uid-9xmt28,0,0.0,0
PC float32,noise_snr0db,test,old_fashioned-door-bell-daniel_simon_uid-1bqwmt,0,0.0,0
PC float32,noise_snr0db,test,old_fashioned-door-bell-daniel_simon_uid-8q7aiq,0,0.0,0
PC float32,noise_snr0db,test,party_crowd-daniel_simon_uid-8pwj7x,0,0.0,0
PC float32,noise_snr0db,test,party_crowd-daniel_simon_uid-vroqkp,0,0.0,0
PC float32,noise_snr0db,test,railroad_crossing_bell-Brylon_Terry-1551570865 (1)_uid-55is8o,0,0.0,0
PC float32,noise_snr0db,test,railroad_crossing_bell-Brylon_Terry-1551570865 (1)_uid-6mnkqh,0,0.0,0
PC float32,noise_snr0db,test,railroad_crossing_bell-Brylon_Terry-1551570865 (1)_uid-mi9sxj,0,0.0,0
PC float32,noise_snr0db,test,railroad_crossing_bell-Brylon_Terry-1551570865 (1)_uid-n15yft,0,0.0,0
PC float32,noise_snr0db,test,railroad_crossing_bell-Brylon_Terry-1551570865 (1)_uid-vxl8al,0,0.0,0
PC float32,noise_snr0db,test,railroad_crossing_bell-Brylon_Terry-1551570865 (1)_uid-waev1t,0,0.0,0
PC float32,noise_snr0db,test,railroad_crossing_bell-Brylon_Terry-1551570865 (1)_uid-zyz59r,0,0.0,0
PC float32,noise_snr0db,test,railroad_crossing_bell-Brylon_Terry-1551570865_uid-ejhzbl,0,0.0,0
PC float32,noise_snr0db,test,railroad_crossing_bell-Brylon_Terry-1551570865_uid-po2yqk,0,0.0,0
PC float32,noise_snr0db,test,tolling_bell_daniel-simion_uid-kg3lrg,0,0.0,0
PC float32,noise_snr0db,test,tolling_bell_daniel-simion_uid-witt3h,0,0.0,0
PC int8,noise_snr0db,test,0003_0397s_shot_019_ch1,1,0.99609375,1
PC int8,noise_snr0db,test,0005_0580s_shot_006_ch1,1,0.99609375,1
PC int8,noise_snr0db,test,0005_0607s_shot_150_ch1,1,0.99609375,1
PC int8,noise_snr0db,test,0005_0631s_shot_173_ch1,1,0.99609375,1
PC int8,noise_snr0db,test,0005_0632s_shot_176_ch1,1,0.99609375,1
PC int8,noise_snr0db,test,0005_0662s_shot_201_ch1,1,0.99609375,1
PC int8,noise_snr0db,test,0005_0685s_shot_220_ch1,1,0.99609375,1
PC int8,noise_snr0db,test,0005_0700s_shot_037_ch1,1,0.99609375,1
PC int8,noise_snr0db,test,0011_0226s_shot_011_ch1,1,0.03515625,0
PC int8,noise_snr0db,test,0011_0333s_shot_018_ch1,1,0.5,1
PC int8,noise_snr0db,test,171236__alukahn__gunshot2_uid-fcn21d,0,0.0,0
PC int8,noise_snr0db,test,371041__morganpurkis__single-gunshot-3_uid-1k053k,0,0.0,0
PC int8,noise_snr0db,test,384687__morganpurkis__single-gunshot-42_uid-u9d6r1,0,0.0,0
PC int8,noise_snr0db,test,384689__dobroide__20170318gunshotparadiso_uid-kwsehz,0,0.0,0
PC int8,noise_snr0db,test,384689__dobroide__20170318gunshotparadiso_uid-pjl13d,0,0.0,0
PC int8,noise_snr0db,test,402008__eardeer__gunshot__high_3_uid-4j4q67,0,0.0,0
PC int8,noise_snr0db,test,402791__acidsnowflake__ak47-and-various-other-gunshots-at-indoor-shooting-range_uid-6aezru,0,0.0,0
PC int8,noise_snr0db,test,402791__acidsnowflake__ak47-and-various-other-gunshots-at-indoor-shooting-range_uid-byjlki,0,0.0,0
PC int8,noise_snr0db,test,402791__acidsnowflake__ak47-and-various-other-gunshots-at-indoor-shooting-range_uid-garl1l,0,0.0,0
PC int8,noise_snr0db,test,402791__acidsnowflake__ak47-and-various-other-gunshots-at-indoor-shooting-range_uid-l3ibfo,0,0.0,0
PC int8,noise_snr0db,test,402791__acidsnowflake__ak47-and-various-other-gunshots-at-indoor-shooting-range_uid-qe3eyz,0,0.0,0
PC int8,noise_snr0db,test,405132__fstagi__gunshots_uid-xcyi0z,0,0.0,0
PC int8,noise_snr0db,test,51470__smcameron__synthetic_gunshot_2_uid-vatpwv,0,0.0,0
PC int8,noise_snr0db,test,518181__bolkmar__fx-gunshot_uid-al1o0i,0,0.0,0
PC int8,noise_snr0db,test,518181__bolkmar__fx-gunshot_uid-es96l9,0,0.0,0
PC int8,noise_snr0db,test,518181__bolkmar__fx-gunshot_uid-j3vsmz,0,0.0,0
PC int8,noise_snr0db,test,519623__nathanchurchyard__gunshots_uid-kvxx3q,0,0.0,0
PC int8,noise_snr0db,test,683312__pnmcarrierailfan__pistol-gunshot-mix-weapons_uid-tmmoay,0,0.0,0
PC int8,noise_snr0db,test,Amusement_Park Ambiance -SoundBible_uid-2t9w3e,0,0.0,0
PC int8,noise_snr0db,test,Amusement_Park Ambiance -SoundBible_uid-jwv6lq,0,0.0,0
PC int8,noise_snr0db,test,Amusement_Park Ambiance -SoundBible_uid-l24o63,0,0.0,0
PC int8,noise_snr0db,test,Background_Noise-SoundBible_uid-m7qaag,0,0.0,0
PC int8,noise_snr0db,test,Background_Noise-SoundBible_uid-mnn2bm,0,0.0,0
PC int8,noise_snr0db,test,Bi_Polar_Uncle-ScanMan-1810098860_uid-b8uks2,0,0.0,0
PC int8,noise_snr0db,test,Bi_Polar_Uncle-ScanMan-1810098860_uid-evaiic,0,0.0,0
PC int8,noise_snr0db,test,Bi_Polar_Uncle-ScanMan-1810098860_uid-l7n0jt,0,0.0,0
PC int8,noise_snr0db,test,Bi_Polar_Uncle-ScanMan-1810098860_uid-omv54z,0,0.0,0
PC int8,noise_snr0db,test,Bi_Polar_Uncle-ScanMan-1810098860_uid-p90ljg,0,0.0,0
PC int8,noise_snr0db,test,Big_door_closed-Clemens_F-941522533_uid-n02it9,0,0.0,0
PC int8,noise_snr0db,test,Cellar_Door Slam Shut-SoundBible_uid-pg4dq8,0,0.0,0
PC int8,noise_snr0db,test,Citty_Traffic Ambiance-SoundBible_uid-87yimc,0,0.0,0
PC int8,noise_snr0db,test,Citty_Traffic Ambiance-SoundBible_uid-8vk0wx,0,0.0,0
PC int8,noise_snr0db,test,Citty_Traffic Ambiance-SoundBible_uid-mxbe2e,0,0.0,0
PC int8,noise_snr0db,test,Citty_Traffic Ambiance-SoundBible_uid-q0srdn,0,0.0,0
PC int8,noise_snr0db,test,City_Ambiance-SoundBible_uid-8yrqh9,0,0.0,0
PC int8,noise_snr0db,test,City_Ambiance-SoundBible_uid-t8xlgr,0,0.0,0
PC int8,noise_snr0db,test,Classroom_Ambiance-SoundBible_uid-q49pv1,0,0.0,0
PC int8,noise_snr0db,test,Classroom_Ambiance-SoundBible_uid-qfbdk0,0,0.0,0
PC int8,noise_snr0db,test,Classroom_Ambiance-SoundBible_uid-uu3ewb,0,0.0,0
PC int8,noise_snr0db,test,Classroom_Ambiance-SoundBible_uid-xdl758,0,0.0,0
PC int8,noise_snr0db,test,Close_Vault_Or_Jail_Door-SoundBible_uid-lasl2n,0,0.0,0
PC int8,noise_snr0db,test,Dog_Barking-SoundBible_uid-3uyzqt,0,0.0,0
PC int8,noise_snr0db,test,Dog_Barking-SoundBible_uid-udwefz,0,0.0,0
PC int8,noise_snr0db,test,Dogs_Barking-SoundBible_uid-0ftva8,0,0.0,0
PC int8,noise_snr0db,test,Dogs_Barking-SoundBible_uid-itlawo,0,0.0,0
PC int8,noise_snr0db,test,Dogs_Barking-SoundBible_uid-k8qbi9,0,0.0,0
PC int8,noise_snr0db,test,End_of_Game-Mike_Koenig-617089079_uid-0scusn,0,0.0,0
PC int8,noise_snr0db,test,Engine_Inside_Car-SoundBible_uid-as3jed,0,0.0,0
PC int8,noise_snr0db,test,Fast_Heel_Walk-Kyanna_Johnson-1646343608_uid-8u9yx0,0,0.0,0
PC int8,noise_snr0db,test,Fast_Heel_Walk-Kyanna_Johnson-1646343608_uid-9pwmgu,0,0.0,0
PC int8,noise_snr0db,test,Female_Scream_Horror-NeoPhyTe-138499973_uid-w7fb5j,0,0.0,0
PC int8,noise_snr0db,test,Footsteps_SoundBible_uid-4v6zy1,0,0.0,0
PC int8,noise_snr0db,test,Footsteps_SoundBible_uid-dg95vk,0,0.0,0
PC int8,noise_snr0db,test,Footsteps_SoundBible_uid-hnz36f,0,0.0,0
PC int8,noise_snr0db,test,Frying_Pan_Impact-SoundBible_uid-nbylf3,0,0.0,0
PC int8,noise_snr0db,test,Indian_Bell-SoundBible_uid-t0u6xu,0,0.0,0
PC int8,noise_snr0db,test,Japanese_Temple Bell Small-SoundBible_uid-3fhudh,0,0.0,0
PC int8,noise_snr0db,test,Japanese_Temple Bell Small-SoundBible_uid-8kpqn1,0,0.0,0
PC int8,noise_snr0db,test,Large_Door_Slam-SoundBible_uid-ljg1k3,0,0.0,0
PC int8,noise_snr0db,test,Little_Girl_Talking-Mike_Koenig-782373463_uid-bstw5g,0,0.0,0
PC int8,noise_snr0db,test,Metal_Gong-Dianakc-109711828_uid-hlegwg,0,0.0,0
PC int8,noise_snr0db,test,Motorcycle_Engine-SoundBible_uid-bo8n5y,0,0.0,0
PC int8,noise_snr0db,test,Neighborhood_Dogs Barking-SoundBible_uid-6a1kho,0,0.0,0
PC int8,noise_snr0db,test,Neighborhood_Dogs Barking-SoundBible_uid-7mwktq,0,0.0,0
PC int8,noise_snr0db,test,Neighborhood_Dogs Barking-SoundBible_uid-dwmjp4,0,0.0,0
PC int8,noise_snr0db,test,Neighborhood_Dogs Barking-SoundBible_uid-kc7h7x,0,0.0,0
PC int8,noise_snr0db,test,Neighborhood_Dogs Barking-SoundBible_uid-p7gr4b,0,0.0,0
PC int8,noise_snr0db,test,Neighborhood_Dogs Barking-SoundBible_uid-rq1qkq,0,0.0,0
PC int8,noise_snr0db,test,Obama_Speech Liar-SoundBible_uid-8mnhtv,0,0.0,0
PC int8,noise_snr0db,test,Old_Door_Creaking-SoundBible_uid-e16ryq,0,0.0,0
PC int8,noise_snr0db,test,Old_Door_Creaking-SoundBible_uid-f2vs74,0,0.0,0
PC int8,noise_snr0db,test,Old_Door_Creaking-SoundBible_uid-ozrhlo,0,0.0,0
PC int8,noise_snr0db,test,Old_Door_Creaking-SoundBible_uid-q6uf3u,0,0.0,0
PC int8,noise_snr0db,test,Police Siren 3-SoundBible_uid-nytspf,0,0.0,0
PC int8,noise_snr0db,test,Police_Siren-SoundBible_uid-uyk0z0,0,0.0,0
PC int8,noise_snr0db,test,Psycho_Scream-SoundBible_uid-4qhwlo,0,0.0,0
PC int8,noise_snr0db,test,Psycho_Scream-SoundBible_uid-uococi,0,0.0,0
PC int8,noise_snr0db,test,Puppy_Dog Barking-SoundBible_uid-130qr7,0,0.0,0
PC int8,noise_snr0db,test,Puppy_Dog Barking-SoundBible_uid-zrfwba,0,0.0,0
PC int8,noise_snr0db,test,Race_Car Idle-SoundBible_uid-5il88u,0,0.0,0
PC int8,noise_snr0db,test,Race_Car Idle-SoundBible_uid-bjwy2y,0,0.0,0
PC int8,noise_snr0db,test,Race_Car Idle-SoundBible_uid-i7dn0k,0,0.0,0
PC int8,noise_snr0db,test,Restaurant Walla Track-SoundBible_uid-19b0uq,0,0.0,0
PC int8,noise_snr0db,test,Restaurant Walla Track-SoundBible_uid-e11kg8,0,0.0,0
PC int8,noise_snr0db,test,Restaurant Walla Track-SoundBible_uid-fk59q6,0,0.0,0
PC int8,noise_snr0db,test,School_Fire_Alarm-Cullen_Card-202875844_uid-rfkm7v,0,0.0,0
PC int8,noise_snr0db,test,Shift_Gears-SoundBible_uid-cvmuj8,0,0.0,0
PC int8,noise_snr0db,test,Ship_Bell-Mike_Koenig-1911209136_uid-e2z0y7,0,0.0,0
PC int8,noise_snr0db,test,Ship_Brass_Bell-Mike_Koenig-1458750630_uid-oksrz0,0,0.0,0
PC int8,noise_snr0db,test,Shopping_Mall Ambiance-SoundBible_uid-fa5yaq,0,0.0,0
PC int8,noise_snr0db,test,Sleigh_Bells_Ringing-SoundBible_uid-i52bxo,0,0.0,0
PC int8,noise_snr0db,test,Sleigh_Bells_Ringing-SoundBible_uid-xjtewi,0,0.0,0
PC int8,noise_snr0db,test,Soldiers_Marching-SoundBible_uid-0eax5q,0,0.0,0
PC int8,noise_snr0db,test,Soldiers_Marching-SoundBible_uid-4m3auc,0,0.0,0
PC int8,noise_snr0db,test,Soldiers_Marching-SoundBible_uid-51ygbj,0,0.0,0
PC int8,noise_snr0db,test,Soldiers_Marching-SoundBible_uid-5xkxw1,0,0.0,0
PC int8,noise_snr0db,test,Soldiers_Marching-SoundBible_uid-bqrx9i,0,0.0,0
PC int8,noise_snr0db,test,Sports_Bar Patrons Loud-SoundBible_uid-0qx8ca,0,0.0,0
PC int8,noise_snr0db,test,Steam_Engine-John-1826274710_uid-1hznao,0,0.0,0
PC int8,noise_snr0db,test,Steam_Engine-John-1826274710_uid-9qykmv,0,0.0,0
PC int8,noise_snr0db,test,Steam_Engine-John-1826274710_uid-pe5dcl,0,0.0,0
PC int8,noise_snr0db,test,Swimming_Pool Ambiance-SoundBible_uid-thd1td,0,0.0,0
PC int8,noise_snr0db,test,Temple_Bell Huge-SoundBible_uid-vwd9pv,0,0.0,0
PC int8,noise_snr0db,test,Tornado_Siren_II-Delilah-747233690_uid-9imkus,0,0.0,0
PC int8,noise_snr0db,test,Tornado_Siren_II-Delilah-747233690_uid-k23l64,0,0.0,0
PC int8,noise_snr0db,test,Tornado_Siren_II-Delilah-747233690_uid-yu5cjs,0,0.0,0
PC int8,noise_snr0db,test,Tornado_Siren_SoundBible_uid-6dnh9z,0,0.0,0
PC int8,noise_snr0db,test,Tornado_Siren_SoundBible_uid-g7d17q,0,0.0,0
PC int8,noise_snr0db,test,Walking-SoundBible_uid-62j3do,0,0.0,0
PC int8,noise_snr0db,test,Walking_In_Snow-SoundBible_uid-hoifci,0,0.0,0
PC int8,noise_snr0db,test,Walking_On_Gravel-SoundBible_uid-7duozg,0,0.0,0
PC int8,noise_snr0db,test,Walking_On_Gravel-SoundBible_uid-fi611q,0,0.0,0
PC int8,noise_snr0db,test,Walking_On_Gravel-SoundBible_uid-jhzvu7,0,0.0,0
PC int8,noise_snr0db,test,Winston_Churchill Nazi Speech-SoundBible_uid-2unyd8,0,0.0,0
PC int8,noise_snr0db,test,Winston_Churchill Nazi Speech-SoundBible_uid-761zdn,0,0.0,0
PC int8,noise_snr0db,test,Winston_Churchill Nazi Speech-SoundBible_uid-g4x51s,0,0.0,0
PC int8,noise_snr0db,test,Winston_Churchill Nazi Speech-SoundBible_uid-jp39dv,0,0.0,0
PC int8,noise_snr0db,test,Winston_Churchill Nazi Speech-SoundBible_uid-rwukdv,0,0.0,0
PC int8,noise_snr0db,test,Woman_Screaming 2-SoundBible_uid-c9acqz,0,0.0,0
PC int8,noise_snr0db,test,church_chime-daniel_simon (1)_uid-zsrdac,0,0.0,0
PC int8,noise_snr0db,test,church_chime-daniel_simon_uid-bbyw01,0,0.0,0
PC int8,noise_snr0db,test,church_chime-daniel_simon_uid-sxzijw,0,0.0,0
PC int8,noise_snr0db,test,doberman_pincher_daniel-simion_uid-348sts,0,0.0,0
PC int8,noise_snr0db,test,doberman_pincher_daniel-simion_uid-4gutjw,0,0.0,0
PC int8,noise_snr0db,test,doberman_pincher_daniel-simion_uid-db2xc6,0,0.0,0
PC int8,noise_snr0db,test,doberman_pincher_daniel-simion_uid-m6nbjk,0,0.0,0
PC int8,noise_snr0db,test,german_shephard-daniel_simon (1)_uid-x57o4h,0,0.0,0
PC int8,noise_snr0db,test,german_shephard-daniel_simon_uid-35by3o,0,0.0,0
PC int8,noise_snr0db,test,hard_shoes_1-daniel_simon_uid-lqfqp3,0,0.0,0
PC int8,noise_snr0db,test,harley_davidson-daniel_simon_uid-3gnkx0,0,0.0,0
PC int8,noise_snr0db,test,harley_davidson-daniel_simon_uid-5tbvav,0,0.0,0
PC int8,noise_snr0db,test,labrador_barking-daniel_simon_uid-cpx5m6,0,0.0,0
PC int8,noise_snr0db,test,labrador_barking-daniel_simon_uid-cvf4k1,0,0.0,0
PC int8,noise_snr0db,test,labrador_barking-daniel_simon_uid-j0e09a,0,0.0,0
PC int8,noise_snr0db,test,labrador_barking-daniel_simon_uid-mwgdoo,0,0.0,0
PC int8,noise_snr0db,test,labrador_barking-daniel_simon_uid-p1nd4y,0,0.0,0
PC int8,noise_snr0db,test,labrador_barking-daniel_simon_uid-px7218,0,0.0,0
PC int8,noise_snr0db,test,muscle_car-daniel_simon (1)_uid-hvisfn,0,0.0,0
PC int8,noise_snr0db,test,muscle_car-daniel_simon_uid-jpcsdl,0,0.0,0
PC int8,noise_snr0db,test,old_car-engine_daniel_simion_uid-2lzarp,0,0.0,0
PC int8,noise_snr0db,test,old_car-engine_daniel_simion_uid-5xyl64,0,0.0,0
PC int8,noise_snr0db,test,old_car-engine_daniel_simion_uid-8mfyeb,0,0.0,0
PC int8,noise_snr0db,test,old_car-engine_daniel_simion_uid-9xmt28,0,0.0,0
PC int8,noise_snr0db,test,old_fashioned-door-bell-daniel_simon_uid-1bqwmt,0,0.0,0
PC int8,noise_snr0db,test,old_fashioned-door-bell-daniel_simon_uid-8q7aiq,0,0.0,0
PC int8,noise_snr0db,test,party_crowd-daniel_simon_uid-8pwj7x,0,0.0,0
PC int8,noise_snr0db,test,party_crowd-daniel_simon_uid-vroqkp,0,0.0,0
PC int8,noise_snr0db,test,railroad_crossing_bell-Brylon_Terry-1551570865 (1)_uid-55is8o,0,0.0,0
PC int8,noise_snr0db,test,railroad_crossing_bell-Brylon_Terry-1551570865 (1)_uid-6mnkqh,0,0.0,0
PC int8,noise_snr0db,test,railroad_crossing_bell-Brylon_Terry-1551570865 (1)_uid-mi9sxj,0,0.0,0
PC int8,noise_snr0db,test,railroad_crossing_bell-Brylon_Terry-1551570865 (1)_uid-n15yft,0,0.0,0
PC int8,noise_snr0db,test,railroad_crossing_bell-Brylon_Terry-1551570865 (1)_uid-vxl8al,0,0.0,0
PC int8,noise_snr0db,test,railroad_crossing_bell-Brylon_Terry-1551570865 (1)_uid-waev1t,0,0.0,0
PC int8,noise_snr0db,test,railroad_crossing_bell-Brylon_Terry-1551570865 (1)_uid-zyz59r,0,0.0,0
PC int8,noise_snr0db,test,railroad_crossing_bell-Brylon_Terry-1551570865_uid-ejhzbl,0,0.0,0
PC int8,noise_snr0db,test,railroad_crossing_bell-Brylon_Terry-1551570865_uid-po2yqk,0,0.0,0
PC int8,noise_snr0db,test,tolling_bell_daniel-simion_uid-kg3lrg,0,0.0,0
PC int8,noise_snr0db,test,tolling_bell_daniel-simion_uid-witt3h,0,0.0,0
PC float32,noise_snr-5db,test,0003_0397s_shot_019_ch1,1,0.9999995231628418,1
PC float32,noise_snr-5db,test,0005_0580s_shot_006_ch1,1,1.0,1
PC float32,noise_snr-5db,test,0005_0607s_shot_150_ch1,1,0.0010442695347592235,0
PC float32,noise_snr-5db,test,0005_0631s_shot_173_ch1,1,0.9994760751724243,1
PC float32,noise_snr-5db,test,0005_0632s_shot_176_ch1,1,0.999998152256012,1
PC float32,noise_snr-5db,test,0005_0662s_shot_201_ch1,1,0.9999976754188538,1
PC float32,noise_snr-5db,test,0005_0685s_shot_220_ch1,1,1.0,1
PC float32,noise_snr-5db,test,0005_0700s_shot_037_ch1,1,0.9999990463256836,1
PC float32,noise_snr-5db,test,0011_0226s_shot_011_ch1,1,0.047913480550050735,0
PC float32,noise_snr-5db,test,0011_0333s_shot_018_ch1,1,0.043492481112480164,0
PC float32,noise_snr-5db,test,171236__alukahn__gunshot2_uid-fcn21d,0,0.0,0
PC float32,noise_snr-5db,test,371041__morganpurkis__single-gunshot-3_uid-1k053k,0,1.0857206717556386e-32,0
PC float32,noise_snr-5db,test,384687__morganpurkis__single-gunshot-42_uid-u9d6r1,0,5.237497732035244e-34,0
PC float32,noise_snr-5db,test,384689__dobroide__20170318gunshotparadiso_uid-kwsehz,0,0.0,0
PC float32,noise_snr-5db,test,384689__dobroide__20170318gunshotparadiso_uid-pjl13d,0,0.0,0
PC float32,noise_snr-5db,test,402008__eardeer__gunshot__high_3_uid-4j4q67,0,0.0,0
PC float32,noise_snr-5db,test,402791__acidsnowflake__ak47-and-various-other-gunshots-at-indoor-shooting-range_uid-6aezru,0,0.0,0
PC float32,noise_snr-5db,test,402791__acidsnowflake__ak47-and-various-other-gunshots-at-indoor-shooting-range_uid-byjlki,0,0.0,0
PC float32,noise_snr-5db,test,402791__acidsnowflake__ak47-and-various-other-gunshots-at-indoor-shooting-range_uid-garl1l,0,0.0,0
PC float32,noise_snr-5db,test,402791__acidsnowflake__ak47-and-various-other-gunshots-at-indoor-shooting-range_uid-l3ibfo,0,0.0,0
PC float32,noise_snr-5db,test,402791__acidsnowflake__ak47-and-various-other-gunshots-at-indoor-shooting-range_uid-qe3eyz,0,0.0,0
PC float32,noise_snr-5db,test,405132__fstagi__gunshots_uid-xcyi0z,0,3.146829233877973e-33,0
PC float32,noise_snr-5db,test,51470__smcameron__synthetic_gunshot_2_uid-vatpwv,0,1.4639108912707433e-22,0
PC float32,noise_snr-5db,test,518181__bolkmar__fx-gunshot_uid-al1o0i,0,1.9724057652969466e-35,0
PC float32,noise_snr-5db,test,518181__bolkmar__fx-gunshot_uid-es96l9,0,2.8890743963838617e-11,0
PC float32,noise_snr-5db,test,518181__bolkmar__fx-gunshot_uid-j3vsmz,0,0.0,0
PC float32,noise_snr-5db,test,519623__nathanchurchyard__gunshots_uid-kvxx3q,0,0.0,0
PC float32,noise_snr-5db,test,683312__pnmcarrierailfan__pistol-gunshot-mix-weapons_uid-tmmoay,0,1.6851305848981267e-30,0
PC float32,noise_snr-5db,test,Amusement_Park Ambiance -SoundBible_uid-2t9w3e,0,0.0,0
PC float32,noise_snr-5db,test,Amusement_Park Ambiance -SoundBible_uid-jwv6lq,0,0.0,0
PC float32,noise_snr-5db,test,Amusement_Park Ambiance -SoundBible_uid-l24o63,0,6.6071350311292856e-21,0
PC float32,noise_snr-5db,test,Background_Noise-SoundBible_uid-m7qaag,0,2.0902411408340323e-20,0
PC float32,noise_snr-5db,test,Background_Noise-SoundBible_uid-mnn2bm,0,2.381248497628633e-33,0
PC float32,noise_snr-5db,test,Bi_Polar_Uncle-ScanMan-1810098860_uid-b8uks2,0,0.0,0
PC float32,noise_snr-5db,test,Bi_Polar_Uncle-ScanMan-1810098860_uid-evaiic,0,0.0,0
PC float32,noise_snr-5db,test,Bi_Polar_Uncle-ScanMan-1810098860_uid-l7n0jt,0,0.0,0
PC float32,noise_snr-5db,test,Bi_Polar_Uncle-ScanMan-1810098860_uid-omv54z,0,0.0,0
PC float32,noise_snr-5db,test,Bi_Polar_Uncle-ScanMan-1810098860_uid-p90ljg,0,0.0,0
PC float32,noise_snr-5db,test,Big_door_closed-Clemens_F-941522533_uid-n02it9,0,0.0,0
PC float32,noise_snr-5db,test,Cellar_Door Slam Shut-SoundBible_uid-pg4dq8,0,1.9243852883865265e-29,0
PC float32,noise_snr-5db,test,Citty_Traffic Ambiance-SoundBible_uid-87yimc,0,0.0,0
PC float32,noise_snr-5db,test,Citty_Traffic Ambiance-SoundBible_uid-8vk0wx,0,0.0,0
PC float32,noise_snr-5db,test,Citty_Traffic Ambiance-SoundBible_uid-mxbe2e,0,0.0,0
PC float32,noise_snr-5db,test,Citty_Traffic Ambiance-SoundBible_uid-q0srdn,0,1.703577600738795e-37,0
PC float32,noise_snr-5db,test,City_Ambiance-SoundBible_uid-8yrqh9,0,0.0,0
PC float32,noise_snr-5db,test,City_Ambiance-SoundBible_uid-t8xlgr,0,0.0,0
PC float32,noise_snr-5db,test,Classroom_Ambiance-SoundBible_uid-q49pv1,0,2.4408221756396697e-21,0
PC float32,noise_snr-5db,test,Classroom_Ambiance-SoundBible_uid-qfbdk0,0,2.796869650495657e-28,0
PC float32,noise_snr-5db,test,Classroom_Ambiance-SoundBible_uid-uu3ewb,0,2.270152907210511e-15,0
PC float32,noise_snr-5db,test,Classroom_Ambiance-SoundBible_uid-xdl758,0,2.821913536177334e-10,0
PC float32,noise_snr-5db,test,Close_Vault_Or_Jail_Door-SoundBible_uid-lasl2n,0,4.147589576338406e-15,0
PC float32,noise_snr-5db,test,Dog_Barking-SoundBible_uid-3uyzqt,0,0.0,0
PC float32,noise_snr-5db,test,Dog_Barking-SoundBible_uid-udwefz,0,0.0,0
PC float32,noise_snr-5db,test,Dogs_Barking-SoundBible_uid-0ftva8,0,0.0,0
PC float32,noise_snr-5db,test,Dogs_Barking-SoundBible_uid-itlawo,0,0.0,0
PC float32,noise_snr-5db,test,Dogs_Barking-SoundBible_uid-k8qbi9,0,0.0,0
PC float32,noise_snr-5db,test,End_of_Game-Mike_Koenig-617089079_uid-0scusn,0,0.0,0
PC float32,noise_snr-5db,test,Engine_Inside_Car-SoundBible_uid-as3jed,0,6.867914131114094e-16,0
PC float32,noise_snr-5db,test,Fast_Heel_Walk-Kyanna_Johnson-1646343608_uid-8u9yx0,0,0.0,0
PC float32,noise_snr-5db,test,Fast_Heel_Walk-Kyanna_Johnson-1646343608_uid-9pwmgu,0,0.0,0
PC float32,noise_snr-5db,test,Female_Scream_Horror-NeoPhyTe-138499973_uid-w7fb5j,0,0.0,0
PC float32,noise_snr-5db,test,Footsteps_SoundBible_uid-4v6zy1,0,0.0,0
PC float32,noise_snr-5db,test,Footsteps_SoundBible_uid-dg95vk,0,0.0,0
PC float32,noise_snr-5db,test,Footsteps_SoundBible_uid-hnz36f,0,4.424285521261338e-18,0
PC float32,noise_snr-5db,test,Frying_Pan_Impact-SoundBible_uid-nbylf3,0,0.0,0
PC float32,noise_snr-5db,test,Indian_Bell-SoundBible_uid-t0u6xu,0,0.0,0
PC float32,noise_snr-5db,test,Japanese_Temple Bell Small-SoundBible_uid-3fhudh,0,0.0,0
PC float32,noise_snr-5db,test,Japanese_Temple Bell Small-SoundBible_uid-8kpqn1,0,0.0,0
PC float32,noise_snr-5db,test,Large_Door_Slam-SoundBible_uid-ljg1k3,0,5.582368877050936e-13,0
PC float32,noise_snr-5db,test,Little_Girl_Talking-Mike_Koenig-782373463_uid-bstw5g,0,0.0,0
PC float32,noise_snr-5db,test,Metal_Gong-Dianakc-109711828_uid-hlegwg,0,2.070639609879425e-19,0
PC float32,noise_snr-5db,test,Motorcycle_Engine-SoundBible_uid-bo8n5y,0,8.192247200706701e-14,0
PC float32,noise_snr-5db,test,Neighborhood_Dogs Barking-SoundBible_uid-6a1kho,0,0.0,0
PC float32,noise_snr-5db,test,Neighborhood_Dogs Barking-SoundBible_uid-7mwktq,0,0.0,0
PC float32,noise_snr-5db,test,Neighborhood_Dogs Barking-SoundBible_uid-dwmjp4,0,0.0,0
PC float32,noise_snr-5db,test,Neighborhood_Dogs Barking-SoundBible_uid-kc7h7x,0,0.0,0
PC float32,noise_snr-5db,test,Neighborhood_Dogs Barking-SoundBible_uid-p7gr4b,0,0.0,0
PC float32,noise_snr-5db,test,Neighborhood_Dogs Barking-SoundBible_uid-rq1qkq,0,0.0,0
PC float32,noise_snr-5db,test,Obama_Speech Liar-SoundBible_uid-8mnhtv,0,0.0,0
PC float32,noise_snr-5db,test,Old_Door_Creaking-SoundBible_uid-e16ryq,0,1.803237427646572e-32,0
PC float32,noise_snr-5db,test,Old_Door_Creaking-SoundBible_uid-f2vs74,0,8.107663717529637e-34,0
PC float32,noise_snr-5db,test,Old_Door_Creaking-SoundBible_uid-ozrhlo,0,1.2728465841605715e-17,0
PC float32,noise_snr-5db,test,Old_Door_Creaking-SoundBible_uid-q6uf3u,0,3.823370073668718e-17,0
PC float32,noise_snr-5db,test,Police Siren 3-SoundBible_uid-nytspf,0,0.0,0
PC float32,noise_snr-5db,test,Police_Siren-SoundBible_uid-uyk0z0,0,0.0,0
PC float32,noise_snr-5db,test,Psycho_Scream-SoundBible_uid-4qhwlo,0,0.0,0
PC float32,noise_snr-5db,test,Psycho_Scream-SoundBible_uid-uococi,0,0.0,0
PC float32,noise_snr-5db,test,Puppy_Dog Barking-SoundBible_uid-130qr7,0,0.0,0
PC float32,noise_snr-5db,test,Puppy_Dog Barking-SoundBible_uid-zrfwba,0,0.0,0
PC float32,noise_snr-5db,test,Race_Car Idle-SoundBible_uid-5il88u,0,0.0,0
PC float32,noise_snr-5db,test,Race_Car Idle-SoundBible_uid-bjwy2y,0,0.0,0
PC float32,noise_snr-5db,test,Race_Car Idle-SoundBible_uid-i7dn0k,0,0.0,0
PC float32,noise_snr-5db,test,Restaurant Walla Track-SoundBible_uid-19b0uq,0,0.0,0
PC float32,noise_snr-5db,test,Restaurant Walla Track-SoundBible_uid-e11kg8,0,0.0,0
PC float32,noise_snr-5db,test,Restaurant Walla Track-SoundBible_uid-fk59q6,0,0.0,0
PC float32,noise_snr-5db,test,School_Fire_Alarm-Cullen_Card-202875844_uid-rfkm7v,0,0.0,0
PC float32,noise_snr-5db,test,Shift_Gears-SoundBible_uid-cvmuj8,0,0.0,0
PC float32,noise_snr-5db,test,Ship_Bell-Mike_Koenig-1911209136_uid-e2z0y7,0,0.0,0
PC float32,noise_snr-5db,test,Ship_Brass_Bell-Mike_Koenig-1458750630_uid-oksrz0,0,0.0,0
PC float32,noise_snr-5db,test,Shopping_Mall Ambiance-SoundBible_uid-fa5yaq,0,0.0,0
PC float32,noise_snr-5db,test,Sleigh_Bells_Ringing-SoundBible_uid-i52bxo,0,0.0,0
PC float32,noise_snr-5db,test,Sleigh_Bells_Ringing-SoundBible_uid-xjtewi,0,0.0,0
PC float32,noise_snr-5db,test,Soldiers_Marching-SoundBible_uid-0eax5q,0,6.148273395322867e-35,0
PC float32,noise_snr-5db,test,Soldiers_Marching-SoundBible_uid-4m3auc,0,0.0,0
PC float32,noise_snr-5db,test,Soldiers_Marching-SoundBible_uid-51ygbj,0,0.0,0
PC float32,noise_snr-5db,test,Soldiers_Marching-SoundBible_uid-5xkxw1,0,0.0,0
PC float32,noise_snr-5db,test,Soldiers_Marching-SoundBible_uid-bqrx9i,0,0.0,0
PC float32,noise_snr-5db,test,Sports_Bar Patrons Loud-SoundBible_uid-0qx8ca,0,0.0,0
PC float32,noise_snr-5db,test,Steam_Engine-John-1826274710_uid-1hznao,0,3.775953982248315e-27,0
PC float32,noise_snr-5db,test,Steam_Engine-John-1826274710_uid-9qykmv,0,2.751734126088456e-35,0
PC float32,noise_snr-5db,test,Steam_Engine-John-1826274710_uid-pe5dcl,0,0.0,0
PC float32,noise_snr-5db,test,Swimming_Pool Ambiance-SoundBible_uid-thd1td,0,0.0,0
PC float32,noise_snr-5db,test,Temple_Bell Huge-SoundBible_uid-vwd9pv,0,0.0,0
PC float32,noise_snr-5db,test,Tornado_Siren_II-Delilah-747233690_uid-9imkus,0,0.0,0
PC float32,noise_snr-5db,test,Tornado_Siren_II-Delilah-747233690_uid-k23l64,0,0.0,0
PC float32,noise_snr-5db,test,Tornado_Siren_II-Delilah-747233690_uid-yu5cjs,0,0.0,0
PC float32,noise_snr-5db,test,Tornado_Siren_SoundBible_uid-6dnh9z,0,0.0,0
PC float32,noise_snr-5db,test,Tornado_Siren_SoundBible_uid-g7d17q,0,0.0,0
PC float32,noise_snr-5db,test,Walking-SoundBible_uid-62j3do,0,0.0,0
PC float32,noise_snr-5db,test,Walking_In_Snow-SoundBible_uid-hoifci,0,1.8524957102654137e-33,0
PC float32,noise_snr-5db,test,Walking_On_Gravel-SoundBible_uid-7duozg,0,2.473936547175981e-06,0
PC float32,noise_snr-5db,test,Walking_On_Gravel-SoundBible_uid-fi611q,0,9.23579355355253e-13,0
PC float32,noise_snr-5db,test,Walking_On_Gravel-SoundBible_uid-jhzvu7,0,0.0,0
PC float32,noise_snr-5db,test,Winston_Churchill Nazi Speech-SoundBible_uid-2unyd8,0,3.1212178866823807e-35,0
PC float32,noise_snr-5db,test,Winston_Churchill Nazi Speech-SoundBible_uid-761zdn,0,0.0,0
PC float32,noise_snr-5db,test,Winston_Churchill Nazi Speech-SoundBible_uid-g4x51s,0,0.0,0
PC float32,noise_snr-5db,test,Winston_Churchill Nazi Speech-SoundBible_uid-jp39dv,0,4.37161682170329e-21,0
PC float32,noise_snr-5db,test,Winston_Churchill Nazi Speech-SoundBible_uid-rwukdv,0,0.0,0
PC float32,noise_snr-5db,test,Woman_Screaming 2-SoundBible_uid-c9acqz,0,0.0,0
PC float32,noise_snr-5db,test,church_chime-daniel_simon (1)_uid-zsrdac,0,0.0,0
PC float32,noise_snr-5db,test,church_chime-daniel_simon_uid-bbyw01,0,0.0,0
PC float32,noise_snr-5db,test,church_chime-daniel_simon_uid-sxzijw,0,0.0,0
PC float32,noise_snr-5db,test,doberman_pincher_daniel-simion_uid-348sts,0,0.0,0
PC float32,noise_snr-5db,test,doberman_pincher_daniel-simion_uid-4gutjw,0,0.0,0
PC float32,noise_snr-5db,test,doberman_pincher_daniel-simion_uid-db2xc6,0,0.0,0
PC float32,noise_snr-5db,test,doberman_pincher_daniel-simion_uid-m6nbjk,0,0.0,0
PC float32,noise_snr-5db,test,german_shephard-daniel_simon (1)_uid-x57o4h,0,0.0,0
PC float32,noise_snr-5db,test,german_shephard-daniel_simon_uid-35by3o,0,0.0,0
PC float32,noise_snr-5db,test,hard_shoes_1-daniel_simon_uid-lqfqp3,0,0.0,0
PC float32,noise_snr-5db,test,harley_davidson-daniel_simon_uid-3gnkx0,0,2.9242793553149373e-22,0
PC float32,noise_snr-5db,test,harley_davidson-daniel_simon_uid-5tbvav,0,1.071380503958658e-28,0
PC float32,noise_snr-5db,test,labrador_barking-daniel_simon_uid-cpx5m6,0,0.0,0
PC float32,noise_snr-5db,test,labrador_barking-daniel_simon_uid-cvf4k1,0,0.0,0
PC float32,noise_snr-5db,test,labrador_barking-daniel_simon_uid-j0e09a,0,0.0,0
PC float32,noise_snr-5db,test,labrador_barking-daniel_simon_uid-mwgdoo,0,0.0,0
PC float32,noise_snr-5db,test,labrador_barking-daniel_simon_uid-p1nd4y,0,0.0,0
PC float32,noise_snr-5db,test,labrador_barking-daniel_simon_uid-px7218,0,0.0,0
PC float32,noise_snr-5db,test,muscle_car-daniel_simon (1)_uid-hvisfn,0,1.7935014827387533e-18,0
PC float32,noise_snr-5db,test,muscle_car-daniel_simon_uid-jpcsdl,0,1.316707088648472e-25,0
PC float32,noise_snr-5db,test,old_car-engine_daniel_simion_uid-2lzarp,0,0.0,0
PC float32,noise_snr-5db,test,old_car-engine_daniel_simion_uid-5xyl64,0,0.0,0
PC float32,noise_snr-5db,test,old_car-engine_daniel_simion_uid-8mfyeb,0,0.0,0
PC float32,noise_snr-5db,test,old_car-engine_daniel_simion_uid-9xmt28,0,0.0,0
PC float32,noise_snr-5db,test,old_fashioned-door-bell-daniel_simon_uid-1bqwmt,0,0.0,0
PC float32,noise_snr-5db,test,old_fashioned-door-bell-daniel_simon_uid-8q7aiq,0,0.0,0
PC float32,noise_snr-5db,test,party_crowd-daniel_simon_uid-8pwj7x,0,0.0,0
PC float32,noise_snr-5db,test,party_crowd-daniel_simon_uid-vroqkp,0,0.0,0
PC float32,noise_snr-5db,test,railroad_crossing_bell-Brylon_Terry-1551570865 (1)_uid-55is8o,0,0.0,0
PC float32,noise_snr-5db,test,railroad_crossing_bell-Brylon_Terry-1551570865 (1)_uid-6mnkqh,0,0.0,0
PC float32,noise_snr-5db,test,railroad_crossing_bell-Brylon_Terry-1551570865 (1)_uid-mi9sxj,0,0.0,0
PC float32,noise_snr-5db,test,railroad_crossing_bell-Brylon_Terry-1551570865 (1)_uid-n15yft,0,0.0,0
PC float32,noise_snr-5db,test,railroad_crossing_bell-Brylon_Terry-1551570865 (1)_uid-vxl8al,0,0.0,0
PC float32,noise_snr-5db,test,railroad_crossing_bell-Brylon_Terry-1551570865 (1)_uid-waev1t,0,0.0,0
PC float32,noise_snr-5db,test,railroad_crossing_bell-Brylon_Terry-1551570865 (1)_uid-zyz59r,0,0.0,0
PC float32,noise_snr-5db,test,railroad_crossing_bell-Brylon_Terry-1551570865_uid-ejhzbl,0,0.0,0
PC float32,noise_snr-5db,test,railroad_crossing_bell-Brylon_Terry-1551570865_uid-po2yqk,0,0.0,0
PC float32,noise_snr-5db,test,tolling_bell_daniel-simion_uid-kg3lrg,0,0.0,0
PC float32,noise_snr-5db,test,tolling_bell_daniel-simion_uid-witt3h,0,0.0,0
PC int8,noise_snr-5db,test,0003_0397s_shot_019_ch1,1,0.99609375,1
PC int8,noise_snr-5db,test,0005_0580s_shot_006_ch1,1,0.99609375,1
PC int8,noise_snr-5db,test,0005_0607s_shot_150_ch1,1,0.0,0
PC int8,noise_snr-5db,test,0005_0631s_shot_173_ch1,1,0.99609375,1
PC int8,noise_snr-5db,test,0005_0632s_shot_176_ch1,1,0.99609375,1
PC int8,noise_snr-5db,test,0005_0662s_shot_201_ch1,1,0.99609375,1
PC int8,noise_snr-5db,test,0005_0685s_shot_220_ch1,1,0.99609375,1
PC int8,noise_snr-5db,test,0005_0700s_shot_037_ch1,1,0.99609375,1
PC int8,noise_snr-5db,test,0011_0226s_shot_011_ch1,1,0.03515625,0
PC int8,noise_snr-5db,test,0011_0333s_shot_018_ch1,1,0.0,0
PC int8,noise_snr-5db,test,171236__alukahn__gunshot2_uid-fcn21d,0,0.0,0
PC int8,noise_snr-5db,test,371041__morganpurkis__single-gunshot-3_uid-1k053k,0,0.0,0
PC int8,noise_snr-5db,test,384687__morganpurkis__single-gunshot-42_uid-u9d6r1,0,0.0,0
PC int8,noise_snr-5db,test,384689__dobroide__20170318gunshotparadiso_uid-kwsehz,0,0.0,0
PC int8,noise_snr-5db,test,384689__dobroide__20170318gunshotparadiso_uid-pjl13d,0,0.0,0
PC int8,noise_snr-5db,test,402008__eardeer__gunshot__high_3_uid-4j4q67,0,0.0,0
PC int8,noise_snr-5db,test,402791__acidsnowflake__ak47-and-various-other-gunshots-at-indoor-shooting-range_uid-6aezru,0,0.0,0
PC int8,noise_snr-5db,test,402791__acidsnowflake__ak47-and-various-other-gunshots-at-indoor-shooting-range_uid-byjlki,0,0.0,0
PC int8,noise_snr-5db,test,402791__acidsnowflake__ak47-and-various-other-gunshots-at-indoor-shooting-range_uid-garl1l,0,0.0,0
PC int8,noise_snr-5db,test,402791__acidsnowflake__ak47-and-various-other-gunshots-at-indoor-shooting-range_uid-l3ibfo,0,0.0,0
PC int8,noise_snr-5db,test,402791__acidsnowflake__ak47-and-various-other-gunshots-at-indoor-shooting-range_uid-qe3eyz,0,0.0,0
PC int8,noise_snr-5db,test,405132__fstagi__gunshots_uid-xcyi0z,0,0.0,0
PC int8,noise_snr-5db,test,51470__smcameron__synthetic_gunshot_2_uid-vatpwv,0,0.0,0
PC int8,noise_snr-5db,test,518181__bolkmar__fx-gunshot_uid-al1o0i,0,0.0,0
PC int8,noise_snr-5db,test,518181__bolkmar__fx-gunshot_uid-es96l9,0,0.0,0
PC int8,noise_snr-5db,test,518181__bolkmar__fx-gunshot_uid-j3vsmz,0,0.0,0
PC int8,noise_snr-5db,test,519623__nathanchurchyard__gunshots_uid-kvxx3q,0,0.0,0
PC int8,noise_snr-5db,test,683312__pnmcarrierailfan__pistol-gunshot-mix-weapons_uid-tmmoay,0,0.0,0
PC int8,noise_snr-5db,test,Amusement_Park Ambiance -SoundBible_uid-2t9w3e,0,0.0,0
PC int8,noise_snr-5db,test,Amusement_Park Ambiance -SoundBible_uid-jwv6lq,0,0.0,0
PC int8,noise_snr-5db,test,Amusement_Park Ambiance -SoundBible_uid-l24o63,0,0.0,0
PC int8,noise_snr-5db,test,Background_Noise-SoundBible_uid-m7qaag,0,0.0,0
PC int8,noise_snr-5db,test,Background_Noise-SoundBible_uid-mnn2bm,0,0.0,0
PC int8,noise_snr-5db,test,Bi_Polar_Uncle-ScanMan-1810098860_uid-b8uks2,0,0.0,0
PC int8,noise_snr-5db,test,Bi_Polar_Uncle-ScanMan-1810098860_uid-evaiic,0,0.0,0
PC int8,noise_snr-5db,test,Bi_Polar_Uncle-ScanMan-1810098860_uid-l7n0jt,0,0.0,0
PC int8,noise_snr-5db,test,Bi_Polar_Uncle-ScanMan-1810098860_uid-omv54z,0,0.0,0
PC int8,noise_snr-5db,test,Bi_Polar_Uncle-ScanMan-1810098860_uid-p90ljg,0,0.0,0
PC int8,noise_snr-5db,test,Big_door_closed-Clemens_F-941522533_uid-n02it9,0,0.0,0
PC int8,noise_snr-5db,test,Cellar_Door Slam Shut-SoundBible_uid-pg4dq8,0,0.0,0
PC int8,noise_snr-5db,test,Citty_Traffic Ambiance-SoundBible_uid-87yimc,0,0.0,0
PC int8,noise_snr-5db,test,Citty_Traffic Ambiance-SoundBible_uid-8vk0wx,0,0.0,0
PC int8,noise_snr-5db,test,Citty_Traffic Ambiance-SoundBible_uid-mxbe2e,0,0.0,0
PC int8,noise_snr-5db,test,Citty_Traffic Ambiance-SoundBible_uid-q0srdn,0,0.0,0
PC int8,noise_snr-5db,test,City_Ambiance-SoundBible_uid-8yrqh9,0,0.0,0
PC int8,noise_snr-5db,test,City_Ambiance-SoundBible_uid-t8xlgr,0,0.0,0
PC int8,noise_snr-5db,test,Classroom_Ambiance-SoundBible_uid-q49pv1,0,0.0,0
PC int8,noise_snr-5db,test,Classroom_Ambiance-SoundBible_uid-qfbdk0,0,0.0,0
PC int8,noise_snr-5db,test,Classroom_Ambiance-SoundBible_uid-uu3ewb,0,0.0,0
PC int8,noise_snr-5db,test,Classroom_Ambiance-SoundBible_uid-xdl758,0,0.0,0
PC int8,noise_snr-5db,test,Close_Vault_Or_Jail_Door-SoundBible_uid-lasl2n,0,0.0,0
PC int8,noise_snr-5db,test,Dog_Barking-SoundBible_uid-3uyzqt,0,0.0,0
PC int8,noise_snr-5db,test,Dog_Barking-SoundBible_uid-udwefz,0,0.0,0
PC int8,noise_snr-5db,test,Dogs_Barking-SoundBible_uid-0ftva8,0,0.0,0
PC int8,noise_snr-5db,test,Dogs_Barking-SoundBible_uid-itlawo,0,0.0,0
PC int8,noise_snr-5db,test,Dogs_Barking-SoundBible_uid-k8qbi9,0,0.0,0
PC int8,noise_snr-5db,test,End_of_Game-Mike_Koenig-617089079_uid-0scusn,0,0.0,0
PC int8,noise_snr-5db,test,Engine_Inside_Car-SoundBible_uid-as3jed,0,0.0,0
PC int8,noise_snr-5db,test,Fast_Heel_Walk-Kyanna_Johnson-1646343608_uid-8u9yx0,0,0.0,0
PC int8,noise_snr-5db,test,Fast_Heel_Walk-Kyanna_Johnson-1646343608_uid-9pwmgu,0,0.0,0
PC int8,noise_snr-5db,test,Female_Scream_Horror-NeoPhyTe-138499973_uid-w7fb5j,0,0.0,0
PC int8,noise_snr-5db,test,Footsteps_SoundBible_uid-4v6zy1,0,0.0,0
PC int8,noise_snr-5db,test,Footsteps_SoundBible_uid-dg95vk,0,0.0,0
PC int8,noise_snr-5db,test,Footsteps_SoundBible_uid-hnz36f,0,0.0,0
PC int8,noise_snr-5db,test,Frying_Pan_Impact-SoundBible_uid-nbylf3,0,0.0,0
PC int8,noise_snr-5db,test,Indian_Bell-SoundBible_uid-t0u6xu,0,0.0,0
PC int8,noise_snr-5db,test,Japanese_Temple Bell Small-SoundBible_uid-3fhudh,0,0.0,0
PC int8,noise_snr-5db,test,Japanese_Temple Bell Small-SoundBible_uid-8kpqn1,0,0.0,0
PC int8,noise_snr-5db,test,Large_Door_Slam-SoundBible_uid-ljg1k3,0,0.0,0
PC int8,noise_snr-5db,test,Little_Girl_Talking-Mike_Koenig-782373463_uid-bstw5g,0,0.0,0
PC int8,noise_snr-5db,test,Metal_Gong-Dianakc-109711828_uid-hlegwg,0,0.0,0
PC int8,noise_snr-5db,test,Motorcycle_Engine-SoundBible_uid-bo8n5y,0,0.0,0
PC int8,noise_snr-5db,test,Neighborhood_Dogs Barking-SoundBible_uid-6a1kho,0,0.0,0
PC int8,noise_snr-5db,test,Neighborhood_Dogs Barking-SoundBible_uid-7mwktq,0,0.0,0
PC int8,noise_snr-5db,test,Neighborhood_Dogs Barking-SoundBible_uid-dwmjp4,0,0.0,0
PC int8,noise_snr-5db,test,Neighborhood_Dogs Barking-SoundBible_uid-kc7h7x,0,0.0,0
PC int8,noise_snr-5db,test,Neighborhood_Dogs Barking-SoundBible_uid-p7gr4b,0,0.0,0
PC int8,noise_snr-5db,test,Neighborhood_Dogs Barking-SoundBible_uid-rq1qkq,0,0.0,0
PC int8,noise_snr-5db,test,Obama_Speech Liar-SoundBible_uid-8mnhtv,0,0.0,0
PC int8,noise_snr-5db,test,Old_Door_Creaking-SoundBible_uid-e16ryq,0,0.0,0
PC int8,noise_snr-5db,test,Old_Door_Creaking-SoundBible_uid-f2vs74,0,0.0,0
PC int8,noise_snr-5db,test,Old_Door_Creaking-SoundBible_uid-ozrhlo,0,0.0,0
PC int8,noise_snr-5db,test,Old_Door_Creaking-SoundBible_uid-q6uf3u,0,0.0,0
PC int8,noise_snr-5db,test,Police Siren 3-SoundBible_uid-nytspf,0,0.0,0
PC int8,noise_snr-5db,test,Police_Siren-SoundBible_uid-uyk0z0,0,0.0,0
PC int8,noise_snr-5db,test,Psycho_Scream-SoundBible_uid-4qhwlo,0,0.0,0
PC int8,noise_snr-5db,test,Psycho_Scream-SoundBible_uid-uococi,0,0.0,0
PC int8,noise_snr-5db,test,Puppy_Dog Barking-SoundBible_uid-130qr7,0,0.0,0
PC int8,noise_snr-5db,test,Puppy_Dog Barking-SoundBible_uid-zrfwba,0,0.0,0
PC int8,noise_snr-5db,test,Race_Car Idle-SoundBible_uid-5il88u,0,0.0,0
PC int8,noise_snr-5db,test,Race_Car Idle-SoundBible_uid-bjwy2y,0,0.0,0
PC int8,noise_snr-5db,test,Race_Car Idle-SoundBible_uid-i7dn0k,0,0.0,0
PC int8,noise_snr-5db,test,Restaurant Walla Track-SoundBible_uid-19b0uq,0,0.0,0
PC int8,noise_snr-5db,test,Restaurant Walla Track-SoundBible_uid-e11kg8,0,0.0,0
PC int8,noise_snr-5db,test,Restaurant Walla Track-SoundBible_uid-fk59q6,0,0.0,0
PC int8,noise_snr-5db,test,School_Fire_Alarm-Cullen_Card-202875844_uid-rfkm7v,0,0.0,0
PC int8,noise_snr-5db,test,Shift_Gears-SoundBible_uid-cvmuj8,0,0.0,0
PC int8,noise_snr-5db,test,Ship_Bell-Mike_Koenig-1911209136_uid-e2z0y7,0,0.0,0
PC int8,noise_snr-5db,test,Ship_Brass_Bell-Mike_Koenig-1458750630_uid-oksrz0,0,0.0,0
PC int8,noise_snr-5db,test,Shopping_Mall Ambiance-SoundBible_uid-fa5yaq,0,0.0,0
PC int8,noise_snr-5db,test,Sleigh_Bells_Ringing-SoundBible_uid-i52bxo,0,0.0,0
PC int8,noise_snr-5db,test,Sleigh_Bells_Ringing-SoundBible_uid-xjtewi,0,0.0,0
PC int8,noise_snr-5db,test,Soldiers_Marching-SoundBible_uid-0eax5q,0,0.0,0
PC int8,noise_snr-5db,test,Soldiers_Marching-SoundBible_uid-4m3auc,0,0.0,0
PC int8,noise_snr-5db,test,Soldiers_Marching-SoundBible_uid-51ygbj,0,0.0,0
PC int8,noise_snr-5db,test,Soldiers_Marching-SoundBible_uid-5xkxw1,0,0.0,0
PC int8,noise_snr-5db,test,Soldiers_Marching-SoundBible_uid-bqrx9i,0,0.0,0
PC int8,noise_snr-5db,test,Sports_Bar Patrons Loud-SoundBible_uid-0qx8ca,0,0.0,0
PC int8,noise_snr-5db,test,Steam_Engine-John-1826274710_uid-1hznao,0,0.0,0
PC int8,noise_snr-5db,test,Steam_Engine-John-1826274710_uid-9qykmv,0,0.0,0
PC int8,noise_snr-5db,test,Steam_Engine-John-1826274710_uid-pe5dcl,0,0.0,0
PC int8,noise_snr-5db,test,Swimming_Pool Ambiance-SoundBible_uid-thd1td,0,0.0,0
PC int8,noise_snr-5db,test,Temple_Bell Huge-SoundBible_uid-vwd9pv,0,0.0,0
PC int8,noise_snr-5db,test,Tornado_Siren_II-Delilah-747233690_uid-9imkus,0,0.0,0
PC int8,noise_snr-5db,test,Tornado_Siren_II-Delilah-747233690_uid-k23l64,0,0.0,0
PC int8,noise_snr-5db,test,Tornado_Siren_II-Delilah-747233690_uid-yu5cjs,0,0.0,0
PC int8,noise_snr-5db,test,Tornado_Siren_SoundBible_uid-6dnh9z,0,0.0,0
PC int8,noise_snr-5db,test,Tornado_Siren_SoundBible_uid-g7d17q,0,0.0,0
PC int8,noise_snr-5db,test,Walking-SoundBible_uid-62j3do,0,0.0,0
PC int8,noise_snr-5db,test,Walking_In_Snow-SoundBible_uid-hoifci,0,0.0,0
PC int8,noise_snr-5db,test,Walking_On_Gravel-SoundBible_uid-7duozg,0,0.0,0
PC int8,noise_snr-5db,test,Walking_On_Gravel-SoundBible_uid-fi611q,0,0.0,0
PC int8,noise_snr-5db,test,Walking_On_Gravel-SoundBible_uid-jhzvu7,0,0.0,0
PC int8,noise_snr-5db,test,Winston_Churchill Nazi Speech-SoundBible_uid-2unyd8,0,0.0,0
PC int8,noise_snr-5db,test,Winston_Churchill Nazi Speech-SoundBible_uid-761zdn,0,0.0,0
PC int8,noise_snr-5db,test,Winston_Churchill Nazi Speech-SoundBible_uid-g4x51s,0,0.0,0
PC int8,noise_snr-5db,test,Winston_Churchill Nazi Speech-SoundBible_uid-jp39dv,0,0.0,0
PC int8,noise_snr-5db,test,Winston_Churchill Nazi Speech-SoundBible_uid-rwukdv,0,0.0,0
PC int8,noise_snr-5db,test,Woman_Screaming 2-SoundBible_uid-c9acqz,0,0.0,0
PC int8,noise_snr-5db,test,church_chime-daniel_simon (1)_uid-zsrdac,0,0.0,0
PC int8,noise_snr-5db,test,church_chime-daniel_simon_uid-bbyw01,0,0.0,0
PC int8,noise_snr-5db,test,church_chime-daniel_simon_uid-sxzijw,0,0.0,0
PC int8,noise_snr-5db,test,doberman_pincher_daniel-simion_uid-348sts,0,0.0,0
PC int8,noise_snr-5db,test,doberman_pincher_daniel-simion_uid-4gutjw,0,0.0,0
PC int8,noise_snr-5db,test,doberman_pincher_daniel-simion_uid-db2xc6,0,0.0,0
PC int8,noise_snr-5db,test,doberman_pincher_daniel-simion_uid-m6nbjk,0,0.0,0
PC int8,noise_snr-5db,test,german_shephard-daniel_simon (1)_uid-x57o4h,0,0.0,0
PC int8,noise_snr-5db,test,german_shephard-daniel_simon_uid-35by3o,0,0.0,0
PC int8,noise_snr-5db,test,hard_shoes_1-daniel_simon_uid-lqfqp3,0,0.0,0
PC int8,noise_snr-5db,test,harley_davidson-daniel_simon_uid-3gnkx0,0,0.0,0
PC int8,noise_snr-5db,test,harley_davidson-daniel_simon_uid-5tbvav,0,0.0,0
PC int8,noise_snr-5db,test,labrador_barking-daniel_simon_uid-cpx5m6,0,0.0,0
PC int8,noise_snr-5db,test,labrador_barking-daniel_simon_uid-cvf4k1,0,0.0,0
PC int8,noise_snr-5db,test,labrador_barking-daniel_simon_uid-j0e09a,0,0.0,0
PC int8,noise_snr-5db,test,labrador_barking-daniel_simon_uid-mwgdoo,0,0.0,0
PC int8,noise_snr-5db,test,labrador_barking-daniel_simon_uid-p1nd4y,0,0.0,0
PC int8,noise_snr-5db,test,labrador_barking-daniel_simon_uid-px7218,0,0.0,0
PC int8,noise_snr-5db,test,muscle_car-daniel_simon (1)_uid-hvisfn,0,0.0,0
PC int8,noise_snr-5db,test,muscle_car-daniel_simon_uid-jpcsdl,0,0.0,0
PC int8,noise_snr-5db,test,old_car-engine_daniel_simion_uid-2lzarp,0,0.0,0
PC int8,noise_snr-5db,test,old_car-engine_daniel_simion_uid-5xyl64,0,0.0,0
PC int8,noise_snr-5db,test,old_car-engine_daniel_simion_uid-8mfyeb,0,0.0,0
PC int8,noise_snr-5db,test,old_car-engine_daniel_simion_uid-9xmt28,0,0.0,0
PC int8,noise_snr-5db,test,old_fashioned-door-bell-daniel_simon_uid-1bqwmt,0,0.0,0
PC int8,noise_snr-5db,test,old_fashioned-door-bell-daniel_simon_uid-8q7aiq,0,0.0,0
PC int8,noise_snr-5db,test,party_crowd-daniel_simon_uid-8pwj7x,0,0.0,0
PC int8,noise_snr-5db,test,party_crowd-daniel_simon_uid-vroqkp,0,0.0,0
PC int8,noise_snr-5db,test,railroad_crossing_bell-Brylon_Terry-1551570865 (1)_uid-55is8o,0,0.0,0
PC int8,noise_snr-5db,test,railroad_crossing_bell-Brylon_Terry-1551570865 (1)_uid-6mnkqh,0,0.0,0
PC int8,noise_snr-5db,test,railroad_crossing_bell-Brylon_Terry-1551570865 (1)_uid-mi9sxj,0,0.0,0
PC int8,noise_snr-5db,test,railroad_crossing_bell-Brylon_Terry-1551570865 (1)_uid-n15yft,0,0.0,0
PC int8,noise_snr-5db,test,railroad_crossing_bell-Brylon_Terry-1551570865 (1)_uid-vxl8al,0,0.0,0
PC int8,noise_snr-5db,test,railroad_crossing_bell-Brylon_Terry-1551570865 (1)_uid-waev1t,0,0.0,0
PC int8,noise_snr-5db,test,railroad_crossing_bell-Brylon_Terry-1551570865 (1)_uid-zyz59r,0,0.0,0
PC int8,noise_snr-5db,test,railroad_crossing_bell-Brylon_Terry-1551570865_uid-ejhzbl,0,0.0,0
PC int8,noise_snr-5db,test,railroad_crossing_bell-Brylon_Terry-1551570865_uid-po2yqk,0,0.0,0
PC int8,noise_snr-5db,test,tolling_bell_daniel-simion_uid-kg3lrg,0,0.0,0
PC int8,noise_snr-5db,test,tolling_bell_daniel-simion_uid-witt3h,0,0.0,0
